employee_id,name,email,department,position,location,is_remote,risk_profile,tenure_days,working_hours_start,working_hours_end,manager,clearance_level,has_vpn,device_id,os,department_risk_factor
EMP00001,Brandi Shah,fsanchez@example.org,Sales,Account Manager,Amsterdam,False,normal,626,6,17,Shaun Lopez,high,False,9982c95a,Ubuntu 22.04,0.8
EMP00002,Wendy Whitehead,lrodriguez@example.org,IT,Network Engineer,San Francisco,False,normal,571,10,17,Ashley Savage,critical,True,ade489af,Windows 11,1.4
EMP00003,Alyssa Walker,christopherhenson@example.net,Legal,Legal Counsel,Berlin,False,normal,176,6,17,Terri Daniels,high,True,276c9e27,Ubuntu 22.04,1.2
EMP00004,Christopher Brown,ikemp@example.net,HR,HR Coordinator,Toronto,False,normal,989,8,19,Adrian Davis,high,True,5338cb71,macOS Sonoma,1.0
EMP00005,Benjamin Stephenson,ocarson@example.com,Engineering,Software Engineer,Amsterdam,False,normal,914,8,20,Thomas Love,high,True,46a4f645,Windows 11,1.5
EMP00006,James Larson,jessicaharris@example.org,Engineering,Tech Lead,Amsterdam,False,normal,72,8,20,Mark Dillon,low,False,cad957da,Windows 11,1.5
EMP00007,Michael Davis,kwashington@example.com,Engineering,DevOps Engineer,Toronto,False,normal,401,10,19,Alfred Nelson,critical,False,ac1a9884,macOS Sonoma,1.5
EMP00008,Alfred Gonzalez,deborahyoung@example.com,Operations,Logistics Coordinator,Singapore,False,normal,1402,6,17,Tracy Booth,high,True,5d944fd0,macOS Sonoma,0.9
EMP00009,Shane Contreras,guerrerolaura@example.com,Finance,Financial Analyst,Austin,True,normal,961,6,18,Albert Irwin,high,True,5b2ecd95,macOS Sonoma,1.3
EMP00010,Brian Parks,weavermartha@example.org,Legal,Paralegal,New York,False,normal,1810,10,19,Daniel Wiggins,critical,True,0e1e3812,Ubuntu 22.04,1.2
EMP00011,Jacob Johnson,medinamary@example.com,Engineering,QA Engineer,Toronto,False,normal,1586,6,17,Tyrone Pennington,high,True,1b7462aa,macOS Sonoma,1.5
EMP00012,Dan Chambers,rachelfitzpatrick@example.net,IT,IT Administrator,Toronto,False,normal,89,10,17,Jacob Roberts,medium,True,d148f39d,Windows 11,1.4
EMP00013,James Nichols,amandamendoza@example.org,Operations,Operations Manager,San Francisco,False,normal,1753,6,19,David Moore MD,low,False,667f30fb,Windows 11,0.9
EMP00014,Victoria Brady,colleenmartinez@example.net,Engineering,Tech Lead,Berlin,False,normal,1474,8,19,Blake Watkins,critical,False,f1b557bf,Windows 11,1.5
EMP00015,John Odonnell,alexandrabrewer@example.org,Engineering,QA Engineer,London,False,normal,420,10,20,Angela Solis,medium,False,1e7a8b08,macOS Sonoma,1.5
EMP00016,Hector Reyes,dustinmorgan@example.org,Engineering,DevOps Engineer,Austin,False,normal,1643,10,18,Mr. Daniel Johnson,low,True,9b95e46a,macOS Sonoma,1.5
EMP00017,Thomas Walker,benjaminmata@example.org,Sales,Account Manager,Amsterdam,False,normal,1802,7,19,Alex Rangel,critical,True,3fe59fa8,Ubuntu 22.04,0.8
EMP00018,Barbara Hurst,reedstacey@example.org,HR,Recruiter,Austin,False,normal,689,7,17,Carl Elliott,critical,True,b1b4ff9d,macOS Sonoma,1.0
EMP00019,Omar Cox,esanders@example.com,Marketing,Brand Manager,Toronto,True,normal,820,7,19,Bobby Rollins,low,True,944679a7,Ubuntu 22.04,0.7
EMP00020,Nicole Jackson,jason27@example.com,Sales,Account Manager,San Francisco,False,normal,234,10,19,Robert Young,low,False,9fa794bf,macOS Sonoma,0.8
EMP00021,Hannah Middleton,burnettkyle@example.net,Finance,Financial Analyst,London,False,normal,991,8,18,Adrian Jenkins,critical,False,c28d1d7a,macOS Sonoma,1.3
EMP00022,Randy Brown MD,sheila36@example.net,Engineering,QA Engineer,Sydney,False,normal,678,9,20,Brandon Lewis,low,False,d9b1cc96,Windows 11,1.5
EMP00023,Rachel Phillips,cprice@example.com,Sales,Sales Manager,Berlin,False,normal,1559,6,19,Lauren Brooks,low,False,a91b81f9,Ubuntu 22.04,0.8
EMP00024,Ebony Singleton,barryspears@example.net,Sales,Sales Manager,Toronto,False,normal,1451,8,16,Shannon Gray,low,True,87d9f5c8,Windows 11,0.8
EMP00025,Brian Ballard,hoffmansarah@example.com,Marketing,Brand Manager,Singapore,True,normal,328,7,20,Deborah Liu,critical,True,1230387a,Windows 11,0.7
EMP00026,Crystal Howell,brookssergio@example.com,Operations,Facilities Manager,San Francisco,True,normal,1813,9,20,Melinda Snyder,medium,True,b687c19f,Ubuntu 22.04,0.9
EMP00027,Jessica Vasquez,mdoyle@example.net,Engineering,DevOps Engineer,Toronto,True,normal,971,8,16,Andrew Lynch,critical,False,3d76d942,Ubuntu 22.04,1.5
EMP00028,Evan Coffey,ulopez@example.org,Marketing,Brand Manager,San Francisco,False,normal,737,10,18,Audrey Aguilar,critical,False,bec442b2,macOS Sonoma,0.7
EMP00029,Raymond Jones,jonathonlee@example.org,HR,Recruiter,Tokyo,False,normal,1777,9,16,Stephen Garza,medium,True,3116100f,macOS Sonoma,1.0
EMP00030,Nathan Boyle,vgallagher@example.org,Engineering,Software Engineer,Berlin,False,normal,1729,9,18,Jeremy Williams,low,True,77cdc8d8,Ubuntu 22.04,1.5
EMP00031,Shane Harper,jamesmathews@example.net,Finance,Payroll Specialist,New York,False,normal,1735,8,17,Brandon Rice,high,True,fe09787c,Windows 11,1.3
EMP00032,Kimberly Freeman,fernandezlaura@example.org,Engineering,Software Engineer,London,False,normal,1315,6,18,Ryan Fuentes,critical,True,004bb70c,macOS Sonoma,1.5
EMP00033,Dustin Lynch,yharris@example.net,Engineering,DevOps Engineer,San Francisco,False,normal,699,9,17,Kimberly Taylor,medium,True,d2ce0fa4,Ubuntu 22.04,1.5
EMP00034,Wayne Baird,gonzalezmatthew@example.com,IT,Security Analyst,Singapore,False,normal,1730,7,18,Jeffrey Ware,critical,False,606c3e47,macOS Sonoma,1.4
EMP00035,William Schultz,stevencurtis@example.com,IT,IT Administrator,Singapore,False,normal,989,6,17,Scott Nguyen,medium,False,c377eb2e,Ubuntu 22.04,1.4
EMP00036,Dylan Hansen,pryan@example.org,Operations,Facilities Manager,Austin,False,normal,779,6,19,Susan Wood,low,True,4a6e5e92,Windows 11,0.9
EMP00037,Joyce Smith,skennedy@example.com,Sales,Account Manager,Berlin,False,normal,1714,8,16,Elizabeth Williams,medium,True,62d42fab,Ubuntu 22.04,0.8
EMP00038,Stephanie Flores,christine63@example.net,Engineering,DevOps Engineer,Sydney,False,normal,1279,7,16,Jacob Cox,critical,False,64036efb,macOS Sonoma,1.5
EMP00039,Tony Reed,thomas41@example.com,Finance,Accountant,San Francisco,False,normal,122,6,18,Dr. James Berg,critical,True,03c124ca,Windows 11,1.3
EMP00040,Mark Smith,fnewman@example.com,Marketing,Brand Manager,London,False,normal,959,8,20,Monica Smith,critical,True,3920bc11,Ubuntu 22.04,0.7
EMP00041,Mary Fuller,collinsscott@example.org,Engineering,Software Engineer,Austin,True,normal,1737,9,20,Debra Parker,critical,False,6c3f157b,macOS Sonoma,1.5
EMP00042,Vicki Chandler,yjohnson@example.com,Marketing,Content Strategist,Singapore,True,normal,938,9,17,Christopher Hughes,high,True,c0cb2bbb,Ubuntu 22.04,0.7
EMP00043,Daniel Holland,ywelch@example.org,Engineering,Software Engineer,Singapore,False,normal,845,8,17,Kari Nichols,low,False,fb6254cb,macOS Sonoma,1.5
EMP00044,Nathan Smith,robinsonsean@example.com,IT,IT Administrator,Tokyo,True,normal,133,8,17,Alejandro Adams,medium,False,76fd3c2e,Windows 11,1.4
EMP00045,William Ramos,scottdennis@example.com,Sales,Sales Manager,Sydney,True,normal,1230,7,17,Sandra Hunter,high,False,e9961b3b,Ubuntu 22.04,0.8
EMP00046,Samuel Marsh,fcollins@example.net,Finance,Accountant,London,True,normal,1136,8,17,Norma Jenkins,low,False,fea03c5b,Windows 11,1.3
EMP00047,Wendy Mooney,marymeyer@example.com,Sales,Sales Manager,Singapore,True,normal,1235,8,16,Michael Maxwell,medium,True,21513333,Windows 11,0.8
EMP00048,David Martinez,lvincent@example.com,HR,HR Coordinator,Sydney,False,normal,1557,6,19,Margaret Williams,critical,False,abd5eb48,Ubuntu 22.04,1.0
EMP00049,Monique Hughes,christopherjenkins@example.net,HR,HR Business Partner,Toronto,False,normal,483,10,16,Emily Morales,high,True,d26325c2,Windows 11,1.0
EMP00050,Norman Santos,joebentley@example.com,Engineering,QA Engineer,Toronto,True,normal,903,6,19,Melissa Baker,critical,True,afd76333,Windows 11,1.5
EMP00051,Brent Torres,michaelamurray@example.com,IT,IT Administrator,London,False,normal,288,8,20,Vanessa Williams,high,True,3470f95c,Ubuntu 22.04,1.4
EMP00052,Victor Pace,hawkinsroy@example.org,Operations,Facilities Manager,Toronto,False,malicious,1269,9,16,James Baker,low,False,6bfc8f19,Ubuntu 22.04,0.9
EMP00053,Nicole Benjamin,rileykara@example.org,IT,Network Engineer,Sydney,False,normal,910,9,17,Sherri Ortiz,critical,True,d8ccb787,macOS Sonoma,1.4
EMP00054,Peter Black,codyperez@example.com,Operations,Logistics Coordinator,San Francisco,False,normal,904,8,18,Timothy Richards,high,False,03761758,Ubuntu 22.04,0.9
EMP00055,Diana Duran,ljones@example.org,HR,HR Coordinator,San Francisco,False,normal,1733,6,16,Dr. Dean Robinson,critical,True,d185930f,Ubuntu 22.04,1.0
EMP00056,Ryan Wallace,ccollins@example.com,IT,IT Administrator,London,False,normal,1231,10,20,Nicole Christensen,high,False,1cbe6f60,macOS Sonoma,1.4
EMP00057,Steven Allen,rita46@example.org,Engineering,Software Engineer,Austin,False,normal,619,10,18,Lauren Buchanan,high,True,6dd4b8e4,Ubuntu 22.04,1.5
EMP00058,Elizabeth Rodriguez,troy15@example.net,Engineering,Data Scientist,Toronto,True,normal,1765,6,18,John Elliott,high,True,23f76479,macOS Sonoma,1.5
EMP00059,Ashley Torres,nbyrd@example.org,Engineering,Tech Lead,Austin,False,normal,1601,10,20,Lindsay Pope,low,False,55fb1dd8,Ubuntu 22.04,1.5
EMP00060,Ernest Burke,michaelreed@example.com,Sales,Account Executive,Berlin,False,normal,399,8,18,Michele Howell,high,True,529692ef,Windows 11,0.8
EMP00061,Andrew Williamson,vmartinez@example.net,Sales,Account Manager,Amsterdam,False,normal,172,7,16,Amanda Hill,low,False,e7968a9a,Windows 11,0.8
EMP00062,William Herrera,melissawhite@example.com,Sales,SDR,Toronto,False,normal,352,8,18,Jimmy Gutierrez,high,False,6a157af7,Ubuntu 22.04,0.8
EMP00063,Veronica Pennington,regina62@example.com,Operations,Operations Manager,New York,False,normal,352,10,16,Devin Schmidt,low,True,9d90b3c7,Ubuntu 22.04,0.9
EMP00064,Crystal Reese,vcollins@example.net,Sales,Account Manager,Amsterdam,False,normal,878,8,17,Robyn Gray,low,True,89443700,Windows 11,0.8
EMP00065,Shannon Parker,catherinewalter@example.org,Sales,Account Manager,Amsterdam,True,normal,1109,8,16,Matthew Clay,medium,True,436dd32e,Ubuntu 22.04,0.8
EMP00066,Christopher Henderson,ashley16@example.org,HR,Recruiter,Tokyo,True,normal,462,7,18,Mary Jackson,high,True,3c0a84d9,Windows 11,1.0
EMP00067,Ashley Scott,kelli51@example.org,Engineering,Data Scientist,Austin,False,normal,294,9,20,Lauren Beck,medium,True,b90df471,Ubuntu 22.04,1.5
EMP00068,Frank Glover,thompsonsteven@example.net,Operations,Logistics Coordinator,San Francisco,False,normal,1794,6,19,James Taylor,low,True,0171b474,Windows 11,0.9
EMP00069,Richard Arnold,kenneth02@example.org,Engineering,QA Engineer,Amsterdam,False,normal,1204,9,19,Erica Fernandez,high,True,94cd9c2f,Windows 11,1.5
EMP00070,John Hall,lscott@example.org,IT,Helpdesk Tech,London,False,normal,1733,8,16,Shelley Perkins,critical,False,fc4a4065,Windows 11,1.4
EMP00071,Sandra Williamson,sloancalvin@example.org,Operations,Facilities Manager,Austin,False,normal,191,9,18,Julia Ortiz DDS,high,True,abd47d60,Windows 11,0.9
EMP00072,Cameron Cox MD,vpatton@example.org,Engineering,Tech Lead,San Francisco,True,normal,1074,7,18,Cheryl Silva,high,False,2748c21c,Ubuntu 22.04,1.5
EMP00073,Andrew Larsen,smithholly@example.com,Engineering,Software Engineer,Tokyo,False,normal,329,8,17,Stephanie Mitchell,medium,False,73f95e7b,Ubuntu 22.04,1.5
EMP00074,Randall Stark,jlowe@example.org,Operations,Logistics Coordinator,Toronto,True,normal,1575,10,20,Jacqueline Hartman,critical,False,9c04395e,Ubuntu 22.04,0.9
EMP00075,Grant Roberts,danielsmark@example.org,Legal,Compliance Officer,Amsterdam,False,normal,1799,8,17,Nicolas Simpson,critical,True,4f59582b,macOS Sonoma,1.2
EMP00076,Melissa Pitts,parsonsrobert@example.com,Legal,Paralegal,Berlin,False,normal,145,8,20,Anita Lee,low,True,2244cef6,macOS Sonoma,1.2
EMP00077,Christine Rosales,jasmine24@example.org,Operations,Logistics Coordinator,Singapore,True,normal,187,6,20,Beth Cole,critical,True,7e4ca2fa,Ubuntu 22.04,0.9
EMP00078,Brian Thompson,chelseabailey@example.org,Engineering,QA Engineer,New York,False,normal,1688,10,17,John Wagner,high,False,c79ad1bf,Ubuntu 22.04,1.5
EMP00079,Wendy Short,colingardner@example.com,Sales,Account Manager,New York,True,normal,241,8,16,Stacy Evans,medium,True,26703abd,Ubuntu 22.04,0.8
EMP00080,Justin Brown,jacobburke@example.com,Engineering,Tech Lead,Toronto,False,normal,1100,10,17,Rachel Harris,high,True,29083569,macOS Sonoma,1.5
EMP00081,Nicholas Jimenez,ycox@example.com,Operations,Facilities Manager,Singapore,False,normal,1254,6,18,Curtis Young,low,True,62449f40,Ubuntu 22.04,0.9
EMP00082,Jay Wade,robert74@example.net,Finance,CFO,Berlin,False,normal,1512,10,17,Megan Carney,high,True,50e1e8f9,Ubuntu 22.04,1.3
EMP00083,Leslie Page,justingarcia@example.net,Sales,SDR,Singapore,True,normal,1373,9,17,Monique Price,low,True,9822968a,macOS Sonoma,0.8
EMP00084,Philip Moore,lauren09@example.com,Engineering,Data Scientist,Singapore,False,normal,1402,10,16,Kathleen Jimenez,critical,True,1c3f45c8,Windows 11,1.5
EMP00085,Daniel Murphy,crodgers@example.com,Sales,Sales Manager,London,False,normal,729,9,17,Chelsea Schneider,medium,False,bbc60453,Windows 11,0.8
EMP00086,Ashley Pruitt,debrapage@example.com,Sales,Account Executive,San Francisco,True,normal,1385,8,20,Brenda Dudley,medium,True,0cc547c3,Windows 11,0.8
EMP00087,Evan Reed,michael91@example.net,Legal,Legal Counsel,Amsterdam,True,normal,1506,9,16,Deborah Campbell,critical,True,f97918f6,Ubuntu 22.04,1.2
EMP00088,Madison Hanna,clarkregina@example.com,Finance,CFO,Toronto,True,normal,1570,9,17,Angela Pope,medium,True,6dcd2f5f,macOS Sonoma,1.3
EMP00089,Mark Long,hfrank@example.org,Operations,Logistics Coordinator,Tokyo,False,normal,1419,10,19,Samuel Gutierrez,critical,False,de08e379,macOS Sonoma,0.9
EMP00090,Jennifer Roberts,paul11@example.org,Marketing,Content Strategist,Austin,False,normal,1702,7,20,Melanie Rodriguez,medium,False,63af3fab,Windows 11,0.7
EMP00091,Elizabeth Harrison,kurt54@example.net,Engineering,Tech Lead,Singapore,False,normal,240,10,16,Eddie Taylor,high,True,de1a7280,Windows 11,1.5
EMP00092,Kurt Brewer,ethomas@example.net,Legal,Legal Counsel,Sydney,True,normal,1731,9,16,David Wilson,medium,False,404168ef,macOS Sonoma,1.2
EMP00093,Susan Turner,michaelwalker@example.org,Legal,Legal Counsel,Austin,False,normal,841,10,18,William Perkins,medium,True,c76c0c0e,Windows 11,1.2
EMP00094,Keith Beasley,jefferyrivera@example.net,HR,Recruiter,New York,False,normal,232,8,17,Tara Prince,medium,True,0d367814,macOS Sonoma,1.0
EMP00095,Andrew Smith,harrisjoshua@example.net,Operations,Facilities Manager,London,False,normal,990,9,20,Danielle Simmons,low,False,831b4602,Windows 11,0.9
EMP00096,Alexander Anderson,whitekevin@example.com,Marketing,Brand Manager,London,True,normal,257,8,17,David Hill,high,True,8b6e1337,Windows 11,0.7
EMP00097,Chelsea Haas,carrie43@example.com,HR,Recruiter,Amsterdam,False,normal,158,6,19,Sandra Hawkins,low,False,b641b76f,Ubuntu 22.04,1.0
EMP00098,Jesse Hayes,rodriguezstacey@example.org,Marketing,SEO Specialist,London,True,normal,909,6,20,Michael Ray,high,True,62e8cf8f,macOS Sonoma,0.7
EMP00099,Jacqueline Hayes,kevinquinn@example.org,Engineering,Tech Lead,San Francisco,True,normal,768,6,20,Duane Yates,low,True,ff7939d2,macOS Sonoma,1.5
EMP00100,Amanda Duke,nbryant@example.com,Engineering,DevOps Engineer,Austin,True,normal,549,6,18,Michelle Long,low,True,75729bc3,Ubuntu 22.04,1.5
EMP00101,Olivia Navarro,morganscott@example.net,Engineering,Tech Lead,San Francisco,False,normal,1535,8,17,Shannon Mccoy,low,True,5517a44e,macOS Sonoma,1.5
EMP00102,Kathleen Watson,ricejeffrey@example.org,Finance,Payroll Specialist,London,False,normal,1454,9,17,Zachary Rubio,medium,True,e0eab5c1,macOS Sonoma,1.3
EMP00103,Michael Wilson,robertsmary@example.org,Sales,Account Executive,Tokyo,True,normal,1650,7,16,Shannon Brooks,high,False,b46af48c,Ubuntu 22.04,0.8
EMP00104,Ashley Baker,kimberly95@example.com,Marketing,Brand Manager,Sydney,False,normal,548,6,17,Michelle Cortez,high,True,e3dc2f5d,Windows 11,0.7
EMP00105,Alicia Beard,sandra57@example.com,IT,Security Analyst,Singapore,False,normal,284,8,19,Alexander Hunt,critical,False,94172ec1,macOS Sonoma,1.4
EMP00106,Joshua Ramos,cisnerostara@example.com,Engineering,QA Engineer,London,False,malicious,1447,9,18,Kenneth Webb,high,False,6fd95ace,Ubuntu 22.04,1.5
EMP00107,Mr. William Williams,castillojordan@example.org,Marketing,Content Strategist,Austin,False,normal,1147,8,18,Leah Hammond,low,True,304f2864,Ubuntu 22.04,0.7
EMP00108,Timothy Dodson,chensley@example.com,Legal,Paralegal,Toronto,True,normal,1499,9,17,Jamie Vazquez,critical,True,c5cb72fd,Windows 11,1.2
EMP00109,Catherine Coleman,christopherweaver@example.org,Engineering,Tech Lead,Singapore,False,normal,920,8,16,Brian Walker,low,False,19668185,macOS Sonoma,1.5
EMP00110,Michael Fuller,harringtonmichael@example.net,Engineering,Software Engineer,London,False,normal,322,10,19,Carolyn Blair,low,True,24c417e4,Windows 11,1.5
EMP00111,Brittany Flores,nunezbarbara@example.com,Sales,SDR,Singapore,False,normal,814,10,16,Keith Cruz,medium,False,150a8462,macOS Sonoma,0.8
EMP00112,Jacqueline Savage,snyderkaitlyn@example.com,Engineering,Tech Lead,San Francisco,False,normal,311,10,18,Paula Moore,critical,True,3b0ad9ac,macOS Sonoma,1.5
EMP00113,Robert Jordan,sharon81@example.org,IT,IT Administrator,San Francisco,True,normal,1536,7,19,Jessica Hester,critical,False,166ceae2,Windows 11,1.4
EMP00114,Justin Dickerson,caitlin17@example.org,Operations,Facilities Manager,Berlin,True,normal,943,7,20,Paula Gibbs,high,False,2ef6ea36,macOS Sonoma,0.9
EMP00115,Mr. Robert Moreno,schmidtamy@example.net,Finance,Financial Analyst,London,True,normal,955,7,19,Philip Long,low,False,124deb96,macOS Sonoma,1.3
EMP00116,Bethany Armstrong,rachel07@example.org,Operations,Facilities Manager,San Francisco,False,normal,1140,8,18,Stephanie Scott,medium,False,3a1ed42f,Ubuntu 22.04,0.9
EMP00117,Micheal Gonzalez,smithjerry@example.net,Operations,Facilities Manager,Singapore,False,normal,489,6,17,Amy Rodriguez,medium,True,ed45bebf,macOS Sonoma,0.9
EMP00118,Jay Hughes,vrice@example.com,Engineering,Tech Lead,Sydney,True,normal,785,9,20,John Cherry,medium,False,cff7a973,Windows 11,1.5
EMP00119,Dr. Kristina Santos,brownnicholas@example.com,Operations,Facilities Manager,Austin,True,normal,1502,9,20,Stephanie Moyer,critical,False,259456c1,Ubuntu 22.04,0.9
EMP00120,Adriana Browning,janice88@example.net,HR,HR Business Partner,Singapore,True,normal,181,9,19,Wanda Gonzalez,high,True,5956f4fa,Ubuntu 22.04,1.0
EMP00121,John Owen,monicacarter@example.net,Operations,Operations Manager,London,False,normal,916,10,16,Jackson Odonnell,low,True,e74cd6bd,macOS Sonoma,0.9
EMP00122,Kimberly Ward,timothydalton@example.org,Operations,Facilities Manager,Singapore,True,normal,491,8,20,Sara Livingston,high,False,ce667490,macOS Sonoma,0.9
EMP00123,Jared Scott,castillotyler@example.net,Sales,SDR,Sydney,True,normal,286,8,20,Tammy Stevenson,low,True,d47e7308,Windows 11,0.8
EMP00124,Tony Harvey,ccline@example.net,Engineering,Data Scientist,Amsterdam,False,normal,380,10,20,Caitlin Benjamin,high,False,871c5771,Ubuntu 22.04,1.5
EMP00125,Robert Walker,hilldylan@example.net,Engineering,Software Engineer,New York,True,normal,123,10,18,Jeremy Williams,medium,False,e5a3bd48,macOS Sonoma,1.5
EMP00126,Victoria Bolton,bkennedy@example.net,Marketing,Brand Manager,New York,False,normal,1314,10,18,Daniel Hawkins,high,True,ba654fe0,Ubuntu 22.04,0.7
EMP00127,Deborah Clayton,dsanders@example.org,Operations,Operations Manager,Toronto,False,normal,1440,6,17,Dominique Silva,critical,True,ac2e2ea5,macOS Sonoma,0.9
EMP00128,Joseph Mcdowell,qreed@example.com,Operations,Operations Manager,Amsterdam,True,normal,670,8,18,Samantha Lee,critical,True,d3b3cb8e,macOS Sonoma,0.9
EMP00129,Tami Turner,edwardrichardson@example.org,Engineering,DevOps Engineer,San Francisco,False,normal,525,9,16,Erica Lawrence,high,True,8b38f8e6,Windows 11,1.5
EMP00130,Matthew Lopez,rachael18@example.com,Marketing,Brand Manager,Berlin,True,normal,1799,10,19,William Shepherd,medium,False,cf63b005,Windows 11,0.7
EMP00131,Sharon Smith,hmccullough@example.com,Marketing,SEO Specialist,Amsterdam,False,normal,418,7,19,Mark Curtis,critical,True,4223a5b3,macOS Sonoma,0.7
EMP00132,Tamara Jones,dillonsusan@example.org,Engineering,QA Engineer,San Francisco,False,normal,1065,9,17,David Lopez,medium,True,8798a39b,Windows 11,1.5
EMP00133,Dennis Martin,oking@example.net,Engineering,Tech Lead,Toronto,True,normal,1756,9,18,William Lane,low,False,1f9ced46,macOS Sonoma,1.5
EMP00134,Jessica Wiley,sshah@example.org,Sales,SDR,Berlin,True,normal,1594,9,18,James Garcia,low,True,21f4f06f,Ubuntu 22.04,0.8
EMP00135,Dr. Gary Bennett,linkaren@example.org,IT,Security Analyst,Singapore,False,normal,180,9,20,Richard Scott,critical,False,3b857e6a,macOS Sonoma,1.4
EMP00136,Lawrence Willis,abailey@example.com,Sales,Account Executive,Amsterdam,False,normal,293,6,19,Charles Robinson,high,False,171da0a7,macOS Sonoma,0.8
EMP00137,Kristin Foster,jacquelinebarnes@example.org,Marketing,Content Strategist,Singapore,False,normal,437,10,20,Jennifer Miller,critical,True,795d6bdd,Windows 11,0.7
EMP00138,Mark Orr,xwagner@example.net,Legal,Compliance Officer,Singapore,True,normal,1093,9,17,Dawn Adams,medium,True,4d47f195,Ubuntu 22.04,1.2
EMP00139,Ms. Maria Brown,petersteresa@example.com,Sales,SDR,Austin,False,normal,1245,8,20,Brian Christian PhD,critical,False,d9173194,macOS Sonoma,0.8
EMP00140,Jesse Mendez,ifox@example.org,IT,Security Analyst,New York,False,normal,708,6,19,Tyler Robinson,high,False,f5208421,Ubuntu 22.04,1.4
EMP00141,James Simmons,john37@example.net,IT,Helpdesk Tech,New York,False,normal,573,10,20,Allison Sullivan,medium,False,816424b1,Ubuntu 22.04,1.4
EMP00142,Daniel Martin,rodriguezamy@example.org,Sales,Account Manager,Sydney,False,normal,332,7,16,Jennifer Lopez,low,True,95570ad4,macOS Sonoma,0.8
EMP00143,Cheryl Gray,faithwillis@example.org,Marketing,Brand Manager,London,False,normal,1444,7,19,Erica Rice,critical,False,dfaa40e1,Ubuntu 22.04,0.7
EMP00144,William Reese,mackbryce@example.net,Sales,Sales Manager,London,False,normal,1178,8,19,Tiffany Trevino,critical,True,6b50674b,Windows 11,0.8
EMP00145,Kendra Hamilton,mcarter@example.com,Sales,SDR,Sydney,False,normal,1148,8,18,Joshua Wise,critical,True,9d15dd05,Windows 11,0.8
EMP00146,Jesus Johnson,myoung@example.com,Engineering,Data Scientist,Berlin,True,normal,639,8,17,Megan Williams,critical,True,517a4da6,macOS Sonoma,1.5
EMP00147,Melinda Duffy,vle@example.net,Finance,CFO,Berlin,False,normal,279,10,20,Jennifer Pierce,critical,False,c4a3ba5d,macOS Sonoma,1.3
EMP00148,Kim Myers,nathaniel90@example.net,Marketing,SEO Specialist,London,False,normal,116,8,16,Joseph Gonzalez,high,False,c606f9b8,Ubuntu 22.04,0.7
EMP00149,John Baker,cmorales@example.net,Engineering,Data Scientist,Toronto,True,normal,443,10,18,Angela Johnson,high,True,f294408a,Ubuntu 22.04,1.5
EMP00150,Mallory Cooper,marybaker@example.com,Sales,Sales Manager,Tokyo,False,normal,133,10,17,Stephen Wilson,medium,True,9f5dbd04,macOS Sonoma,0.8
EMP00151,Elizabeth Arias,jacobsonjohn@example.net,IT,IT Administrator,Toronto,False,normal,1425,7,16,Sharon Thomas,medium,True,e7a24575,macOS Sonoma,1.4
EMP00152,Gregory Cruz,tiffanyclark@example.net,Engineering,DevOps Engineer,Tokyo,False,normal,687,8,16,Gail Huerta,low,False,a7f656d2,Windows 11,1.5
EMP00153,Joyce Roberts,melissa45@example.net,Engineering,Data Scientist,New York,False,normal,885,7,16,Jesus Malone,critical,False,ddf55674,Windows 11,1.5
EMP00154,David Cuevas,parkmark@example.net,Marketing,Marketing Lead,Berlin,False,normal,48,8,20,Kent Rush,low,False,a1597aff,macOS Sonoma,0.7
EMP00155,Shane Cross,diazanthony@example.net,IT,Helpdesk Tech,Sydney,True,normal,304,10,19,Brandy Baker,high,True,a84e0e39,Windows 11,1.4
EMP00156,Hannah Williamson,coltonbrown@example.org,Engineering,DevOps Engineer,Toronto,False,normal,1501,7,16,Christine Johnson DDS,high,False,41371490,Ubuntu 22.04,1.5
EMP00157,Edwin Benson,odrake@example.com,Finance,Accountant,Tokyo,False,normal,1281,9,19,Jared Osborn,high,True,1dd5938b,Ubuntu 22.04,1.3
EMP00158,Brianna Morrison,lrodriguez@example.com,Legal,Compliance Officer,London,True,normal,692,7,16,Nicole Henderson,high,True,12b3893f,macOS Sonoma,1.2
EMP00159,Derek Snyder,henry05@example.com,Engineering,DevOps Engineer,Singapore,False,normal,1222,10,16,Greg Short,high,False,c0d5ccc5,Ubuntu 22.04,1.5
EMP00160,Kyle Cook,john90@example.org,Legal,Compliance Officer,San Francisco,True,normal,658,7,19,Matthew Austin,high,False,450770e4,Ubuntu 22.04,1.2
EMP00161,Xavier Christian DDS,bradleysusan@example.org,Sales,SDR,Berlin,False,normal,1288,7,17,Christine Owen,medium,True,349ad7e9,macOS Sonoma,0.8
EMP00162,Sarah Wall,paulgarcia@example.org,Finance,CFO,Amsterdam,False,normal,881,10,19,Kristen Mitchell,medium,False,732ce01f,Ubuntu 22.04,1.3
EMP00163,Trevor Dean,gregorygibbs@example.org,Finance,Payroll Specialist,San Francisco,False,normal,1111,8,16,Patricia Shannon,low,True,0614efd2,Ubuntu 22.04,1.3
EMP00164,Ronald Osborn,eileensalas@example.net,HR,HR Business Partner,Tokyo,False,normal,1129,7,17,Brittney Moran,high,False,1c8f4ab2,macOS Sonoma,1.0
EMP00165,Amber Mccall,john46@example.org,Engineering,Tech Lead,Tokyo,True,malicious,1031,6,20,Luke Barton,critical,False,d4424ed7,macOS Sonoma,1.5
EMP00166,Louis Schmidt,andersonvictoria@example.org,Operations,Logistics Coordinator,Austin,True,normal,1184,6,20,Wendy Thomas,critical,False,7be76aa4,macOS Sonoma,0.9
EMP00167,Daniel Medina,greencarl@example.org,Sales,SDR,Austin,False,normal,1702,6,17,Mark Jackson,low,True,a3e00d15,macOS Sonoma,0.8
EMP00168,Hector Lee,joseph22@example.net,Engineering,Software Engineer,Sydney,False,normal,171,9,16,Darin Shah,high,True,169b11d1,Windows 11,1.5
EMP00169,Mark Morgan,phillipsrobert@example.net,Engineering,DevOps Engineer,Austin,False,normal,813,9,19,Brenda Hoffman,critical,True,800256c0,Ubuntu 22.04,1.5
EMP00170,Scott Smith,zburch@example.com,HR,HR Business Partner,London,False,normal,1791,8,16,Felicia Allen,medium,False,3a121ed3,macOS Sonoma,1.0
EMP00171,Bill Torres,zoe89@example.org,Finance,Financial Analyst,Tokyo,False,normal,1578,6,18,Brian Nelson,critical,False,7d14c014,Ubuntu 22.04,1.3
EMP00172,Brett Daugherty,imayer@example.net,Engineering,Data Scientist,Austin,False,normal,536,9,18,Kristen Walker,medium,True,67a17813,Ubuntu 22.04,1.5
EMP00173,Erin Robinson,amyanderson@example.org,Marketing,Brand Manager,New York,False,normal,1289,6,17,Andrew Bates,medium,True,3c027b8c,Ubuntu 22.04,0.7
EMP00174,Eduardo Brown,coxtodd@example.com,Engineering,Software Engineer,Amsterdam,True,normal,531,6,19,Nicholas Alexander,critical,True,099b62db,Windows 11,1.5
EMP00175,Benjamin Williams,sstewart@example.net,Finance,Accountant,New York,False,normal,1061,8,17,Leslie Williams,high,True,188333c8,Ubuntu 22.04,1.3
EMP00176,Tammy Jones,wstone@example.net,Engineering,DevOps Engineer,Tokyo,False,normal,1824,7,20,William Foster,medium,True,c4d5387a,macOS Sonoma,1.5
EMP00177,Joshua Ritter,ihawkins@example.net,Finance,Accountant,Amsterdam,True,normal,1312,9,20,Stephanie Watson,critical,True,d9766046,macOS Sonoma,1.3
EMP00178,Russell Greene,mporter@example.com,Sales,SDR,Austin,False,normal,1456,9,19,Amanda Harrison,medium,True,e02f7598,Windows 11,0.8
EMP00179,Micheal Watson,dcook@example.com,IT,Network Engineer,Toronto,False,normal,1769,7,18,Shannon Myers,medium,False,b4630401,Windows 11,1.4
EMP00180,Megan Anthony MD,nicolehanson@example.net,Engineering,Tech Lead,Austin,False,malicious,1115,7,19,Caitlin Watkins,medium,True,f8ebd5e8,macOS Sonoma,1.5
EMP00181,Heather Richards,carlos43@example.org,Sales,SDR,Toronto,False,normal,219,10,17,Denise Nelson,low,True,5897c95b,Ubuntu 22.04,0.8
EMP00182,Sean Stephens,groman@example.com,Engineering,Software Engineer,New York,False,normal,415,10,20,Crystal Jones,medium,True,a97b758b,macOS Sonoma,1.5
EMP00183,Tony Moore,michealmedina@example.net,IT,Network Engineer,New York,False,normal,419,6,19,Angela Bryant,medium,False,f8cf646b,Ubuntu 22.04,1.4
EMP00184,Antonio Ayala,juliesmith@example.org,Operations,Facilities Manager,Tokyo,True,normal,688,8,19,Cynthia Gonzales,critical,True,d3b09f8a,macOS Sonoma,0.9
EMP00185,Jill Rogers,gilesjillian@example.com,Sales,Account Manager,Singapore,False,normal,984,6,19,Trevor Nguyen,high,False,0f811a5e,macOS Sonoma,0.8
EMP00186,Danielle Green,brianhunt@example.net,Finance,Accountant,New York,False,normal,1548,7,16,Brian Green,high,True,83d32beb,Ubuntu 22.04,1.3
EMP00187,Tina Smith,yallison@example.com,Operations,Logistics Coordinator,Austin,False,malicious,342,7,18,Christopher Johnson,medium,True,a1f43ece,Windows 11,0.9
EMP00188,Melanie Garcia,kmays@example.org,HR,Recruiter,Singapore,False,normal,1593,9,19,Diana Stark,critical,True,57ba7e0c,macOS Sonoma,1.0
EMP00189,Lisa Ward,harrisdavid@example.net,HR,Recruiter,Sydney,True,normal,406,10,16,Tiffany Rios,low,False,cc03fe26,Windows 11,1.0
EMP00190,Paul Doyle,andersonkaren@example.net,Engineering,Software Engineer,New York,False,normal,874,7,17,Bobby King,low,False,4b864311,Windows 11,1.5
EMP00191,Jennifer Daniels,brownsteven@example.org,Engineering,DevOps Engineer,Toronto,True,normal,153,10,20,Robert Lee,critical,False,1bc8c87c,Windows 11,1.5
EMP00192,Steven Walton,mlopez@example.net,Operations,Logistics Coordinator,Sydney,True,normal,54,6,20,Shannon Williams,high,True,f16f52c2,macOS Sonoma,0.9
EMP00193,Jose Mccullough,lancereynolds@example.com,IT,Network Engineer,Austin,True,normal,249,6,20,Chad George,medium,True,50496e5d,Ubuntu 22.04,1.4
EMP00194,Linda Mitchell,kimberlyhoover@example.net,Finance,CFO,Singapore,False,normal,1658,9,16,Jason Rodriguez,high,False,4492c7d4,macOS Sonoma,1.3
EMP00195,Billy Galvan,scollins@example.com,Sales,SDR,Tokyo,False,normal,1430,6,16,Tammy Smith,low,True,9cc4508e,macOS Sonoma,0.8
EMP00196,Marc Wilson,garrett36@example.net,Sales,Account Executive,New York,False,normal,1469,7,16,Matthew Floyd,critical,False,21ba34d4,Ubuntu 22.04,0.8
EMP00197,Shane Calhoun,zcook@example.org,Legal,Legal Counsel,Amsterdam,False,normal,1111,6,17,James Wilson,medium,False,0fdb3c00,Ubuntu 22.04,1.2
EMP00198,Peter Acevedo,nmitchell@example.org,Operations,Logistics Coordinator,Toronto,False,normal,125,6,18,Michelle Jones,low,True,e39fe301,macOS Sonoma,0.9
EMP00199,Scott Fields,ashleyhernandez@example.net,Operations,Facilities Manager,Tokyo,True,normal,325,9,16,Kristina Wade,high,True,b075c64d,Windows 11,0.9
EMP00200,William Gallegos,kristin62@example.com,Operations,Facilities Manager,Austin,False,normal,1137,8,19,Michelle Lin,medium,False,ddb56919,Ubuntu 22.04,0.9
EMP00201,Paul Edwards,garciachristina@example.net,Finance,CFO,Sydney,False,normal,139,6,19,Emily Smith DDS,medium,False,421ab2de,macOS Sonoma,1.3
EMP00202,Emily Lara,mitchell87@example.net,Engineering,Tech Lead,Amsterdam,False,normal,842,8,16,Kenneth Howard,high,False,6b9625d9,macOS Sonoma,1.5
EMP00203,Joseph Owens,laneleslie@example.org,Engineering,Tech Lead,Singapore,False,normal,798,9,17,Sarah White,critical,True,3ee704d5,Ubuntu 22.04,1.5
EMP00204,John Henry,carly42@example.net,Operations,Facilities Manager,Tokyo,True,normal,180,6,18,Alexis Carey,medium,True,53ef3e99,Ubuntu 22.04,0.9
EMP00205,James Williams,jacksonmatthew@example.org,Finance,CFO,Austin,True,malicious,768,6,16,Steven Gonzales,low,False,341b3153,macOS Sonoma,1.3
EMP00206,Tiffany Woodward,mallorysmith@example.com,Engineering,Software Engineer,Berlin,False,normal,301,6,17,Anthony Neal,critical,True,cf1133f6,Ubuntu 22.04,1.5
EMP00207,Meghan Young,kimberlyscott@example.org,Engineering,Software Engineer,San Francisco,False,malicious,213,8,20,Marie Price,low,True,dfe8633a,macOS Sonoma,1.5
EMP00208,Rebecca Benton,poliver@example.net,Finance,CFO,New York,False,normal,877,9,16,Brianna Lewis,medium,True,7b334f7e,Windows 11,1.3
EMP00209,William Carter,sclarke@example.com,Engineering,Data Scientist,London,False,normal,580,8,18,Ashley Pennington,critical,True,b32a54e8,Windows 11,1.5
EMP00210,Kristin Morris,amanda90@example.net,Engineering,DevOps Engineer,Austin,False,normal,1021,6,18,Jonathan English,high,False,239a1877,Ubuntu 22.04,1.5
EMP00211,Brian Orozco,garciatheresa@example.net,HR,HR Business Partner,Amsterdam,False,malicious,430,9,16,Adam Miles,medium,True,b0bdfd66,macOS Sonoma,1.0
EMP00212,Dawn Mitchell,hmahoney@example.net,Finance,Payroll Specialist,Amsterdam,False,normal,1676,8,19,Tracy Farley,high,True,00379ffe,Ubuntu 22.04,1.3
EMP00213,Ronald Alvarado,jennifer35@example.com,Finance,CFO,London,False,normal,686,10,17,David Smith,critical,True,8b5c2656,macOS Sonoma,1.3
EMP00214,Antonio Smith,timothyhoward@example.net,Engineering,QA Engineer,Berlin,False,normal,1209,7,18,Stephen Hall,critical,True,5022dbd3,macOS Sonoma,1.5
EMP00215,Luke Pratt,jameslopez@example.net,Legal,Legal Counsel,Amsterdam,False,normal,1242,10,17,Jason Scott,low,False,d6dc0afb,macOS Sonoma,1.2
EMP00216,Becky Sexton,tbennett@example.net,Engineering,QA Engineer,Tokyo,False,normal,1663,8,16,Lisa Nichols,critical,False,f1f63972,Windows 11,1.5
EMP00217,Marissa Oconnor,david80@example.net,Sales,SDR,Tokyo,False,normal,1378,7,19,Matthew Chavez,critical,True,f0f69eef,Ubuntu 22.04,0.8
EMP00218,William Li,ohowell@example.org,Legal,Paralegal,Austin,False,normal,1067,9,20,Bryan Johnson,low,False,470c964f,macOS Sonoma,1.2
EMP00219,Cynthia Johnston,travislambert@example.com,Finance,Financial Analyst,Sydney,False,normal,253,7,18,Heather Rodriguez,medium,False,6b529d44,Windows 11,1.3
EMP00220,Mary Hernandez,patricia64@example.com,Operations,Logistics Coordinator,Austin,False,normal,1660,9,16,Kari Smith,low,True,f0306aba,Windows 11,0.9
EMP00221,Tracey Weiss,phyllis03@example.com,Finance,Accountant,Sydney,False,normal,942,8,19,Michael Tran,critical,False,6929eedd,Ubuntu 22.04,1.3
EMP00222,Theresa Wright,bennettjose@example.com,HR,Recruiter,London,False,normal,80,9,16,Jennifer Mills,high,True,cf8dffbf,Windows 11,1.0
EMP00223,Veronica Thompson,jtorres@example.org,Engineering,DevOps Engineer,London,True,normal,668,8,19,Michelle Walker,medium,True,d9462d04,macOS Sonoma,1.5
EMP00224,William Wells,michaelgarcia@example.net,Sales,Account Manager,Toronto,False,normal,683,6,18,Tammy Orr,low,False,6629b03e,Windows 11,0.8
EMP00225,Rachel Cunningham,stacy94@example.com,Sales,Account Executive,Singapore,True,normal,1416,7,17,Vincent Ford,medium,True,24e32ed6,macOS Sonoma,0.8
EMP00226,Thomas Wright,mestrada@example.org,Engineering,Data Scientist,Toronto,False,normal,1663,9,17,Roger Graves,medium,False,6c7ca150,macOS Sonoma,1.5
EMP00227,Tammy Koch,smithpaula@example.com,IT,Network Engineer,Amsterdam,False,normal,950,10,19,Jennifer Scott,critical,True,ba415603,Windows 11,1.4
EMP00228,Tammy Burton,shawashley@example.com,Sales,Account Executive,San Francisco,True,normal,1667,10,17,Alyssa Foster,high,True,72eba093,macOS Sonoma,0.8
EMP00229,Erica Harris,shawna00@example.net,Operations,Facilities Manager,Toronto,True,normal,1338,8,20,Clifford Henry,critical,False,47b1c090,Ubuntu 22.04,0.9
EMP00230,Timothy Robinson,randall45@example.org,Finance,Payroll Specialist,Singapore,True,normal,1294,7,18,Whitney Hayes,low,False,7aa21879,macOS Sonoma,1.3
EMP00231,Michael Brown,lucasrobinson@example.org,Operations,Operations Manager,Berlin,True,normal,404,8,17,Christopher Cox,critical,True,d8225aa3,Windows 11,0.9
EMP00232,Kevin Mclaughlin,uford@example.net,Marketing,Content Strategist,Austin,False,normal,1026,10,17,Yvonne Miller,medium,True,a7340376,Windows 11,0.7
EMP00233,Kathleen Miller,ysantana@example.org,HR,HR Business Partner,Toronto,True,normal,139,8,16,Kara Deleon,critical,True,36e5e1ce,macOS Sonoma,1.0
EMP00234,Paul Holland,elizabeth98@example.org,Marketing,Brand Manager,Sydney,False,normal,867,9,19,Andrew Phillips,critical,True,618abf4a,Windows 11,0.7
EMP00235,Steve Stone,leeanna@example.org,Engineering,DevOps Engineer,Tokyo,False,normal,96,8,17,Connor Jenkins,high,True,dbd55d02,macOS Sonoma,1.5
EMP00236,William Aguirre,matthewmaxwell@example.net,Legal,Paralegal,Toronto,False,normal,1076,6,20,Alan Bray,low,True,e621fa6e,Ubuntu 22.04,1.2
EMP00237,Kathy Gonzalez,frogers@example.org,Sales,Account Executive,Singapore,False,normal,1586,9,20,Kathryn Randall,medium,False,65a8a40a,Windows 11,0.8
EMP00238,Dillon Archer,sylvia21@example.com,Engineering,DevOps Engineer,Tokyo,False,normal,1821,6,19,Chase Obrien,high,True,a56364b0,Windows 11,1.5
EMP00239,Anne Shields,alanwillis@example.org,Finance,Accountant,San Francisco,False,normal,459,10,18,Joseph Nelson,critical,True,06eb2081,Windows 11,1.3
EMP00240,Jeff Vasquez,diazcarolyn@example.net,Engineering,Software Engineer,Tokyo,False,normal,1197,8,20,Teresa Simpson,high,True,58796e37,Windows 11,1.5
EMP00241,Mr. Joseph Mcdonald,wrightkelly@example.com,IT,Security Analyst,Berlin,False,normal,1202,8,20,Jacob Scott,low,True,226c1b8c,macOS Sonoma,1.4
EMP00242,Kevin Shannon,lstevens@example.com,IT,Network Engineer,Berlin,False,normal,1466,7,17,Ashley Robertson,medium,False,8422061d,Windows 11,1.4
EMP00243,Jonathan Terrell,ryang@example.net,IT,Helpdesk Tech,Austin,False,normal,321,10,18,Emily Bridges,critical,True,1767c2e3,Windows 11,1.4
EMP00244,Donna Smith,zgrant@example.net,Sales,Account Manager,San Francisco,False,normal,1085,8,18,Joy Medina,critical,False,3d5fbb94,macOS Sonoma,0.8
EMP00245,Robert Brown,ibaker@example.net,Engineering,QA Engineer,San Francisco,False,normal,1330,8,16,Christopher Leon,critical,True,0761ed3a,macOS Sonoma,1.5
EMP00246,Tracy Levine,michael01@example.net,IT,Security Analyst,Toronto,False,normal,691,8,18,Michael Wood,medium,True,c45d0d07,macOS Sonoma,1.4
EMP00247,Travis Lowery,william73@example.net,Marketing,Marketing Lead,New York,False,normal,233,9,16,Michael Beard,low,False,15c2bd72,Windows 11,0.7
EMP00248,Scott Hicks,ucox@example.com,IT,Helpdesk Tech,New York,False,normal,444,7,18,Julian Olsen,medium,False,80ec9e15,macOS Sonoma,1.4
EMP00249,Nicholas Everett,robert24@example.com,IT,Security Analyst,Singapore,True,normal,198,8,17,Andrea Richardson,low,True,f271acf0,macOS Sonoma,1.4
EMP00250,Paul Davis,morgan49@example.com,Operations,Logistics Coordinator,Tokyo,False,normal,1372,6,16,Mr. Angel Murillo,low,True,d5611fcb,Windows 11,0.9
EMP00251,George Ward,james14@example.org,Sales,Account Manager,Tokyo,True,normal,49,6,18,Abigail Richards,low,False,91b5bba7,macOS Sonoma,0.8
EMP00252,Danielle Jackson,roseguzman@example.org,Sales,Account Executive,Toronto,False,normal,498,9,16,Kevin Francis,low,True,c428129e,macOS Sonoma,0.8
EMP00253,Micheal Allen,josephbarrett@example.net,Operations,Logistics Coordinator,London,False,normal,1614,7,17,Rose Adkins,low,True,8142ba46,Windows 11,0.9
EMP00254,Meredith Pierce,kenneth25@example.org,Sales,Account Manager,London,False,normal,749,7,17,Barbara Nelson,critical,False,27696f78,macOS Sonoma,0.8
EMP00255,James Brown,batesashley@example.com,Engineering,Software Engineer,San Francisco,False,normal,316,6,20,Patrick Petersen,critical,True,61da7a72,macOS Sonoma,1.5
EMP00256,Jeremy Vasquez,vedwards@example.com,HR,HR Coordinator,London,False,normal,597,6,17,Emily Burns,high,False,7cbb6c1d,Ubuntu 22.04,1.0
EMP00257,Isaiah Torres,nelsonmichael@example.org,IT,Network Engineer,Berlin,True,normal,1090,10,20,Maria Clarke,medium,False,cc24ab93,macOS Sonoma,1.4
EMP00258,Ricky Collins,zcampos@example.net,Finance,Payroll Specialist,Tokyo,False,normal,820,6,17,Lawrence Wilson,critical,False,463f42c9,Windows 11,1.3
EMP00259,Brandi Mcdonald,acoleman@example.com,HR,Recruiter,New York,False,normal,678,7,19,Kathleen Scott,critical,True,c50f59c7,Ubuntu 22.04,1.0
EMP00260,Amanda Williams,bernardpamela@example.com,Engineering,Software Engineer,Toronto,True,normal,64,10,16,James Hale,low,True,9e12f0b4,Windows 11,1.5
EMP00261,Jonathan Ray,andrepatterson@example.org,Finance,CFO,Austin,False,normal,1317,10,19,Ashley Rodriguez,critical,False,af63c623,Windows 11,1.3
EMP00262,Heather Grant,reginaldthompson@example.net,IT,Network Engineer,Sydney,False,normal,598,6,18,Heather Mendoza,low,True,38a99f52,Windows 11,1.4
EMP00263,Eric Johnson,andreaharris@example.net,Engineering,Tech Lead,London,False,normal,699,9,20,George Golden,low,True,8af2bfb4,macOS Sonoma,1.5
EMP00264,Emma Pace,gomezallen@example.com,Marketing,Marketing Lead,Tokyo,False,normal,530,6,19,Linda Riley,low,True,cb1913cf,Ubuntu 22.04,0.7
EMP00265,Jennifer Smith,mburke@example.org,Operations,Operations Manager,London,True,normal,55,7,16,Ronnie Bernard,medium,True,0e912de3,macOS Sonoma,0.9
EMP00266,Stephanie Brooks,hernandezashley@example.net,Legal,Legal Counsel,Berlin,False,normal,791,7,18,Eric Evans,low,False,cb41eb13,Windows 11,1.2
EMP00267,Nicholas Dixon,wesleywebb@example.org,Finance,CFO,Austin,False,normal,1102,6,18,Robert Diaz,low,True,eaa76f8a,Ubuntu 22.04,1.3
EMP00268,Christopher Hobbs,marissaburgess@example.com,Legal,Paralegal,Toronto,False,normal,371,8,17,Madison Kelly,high,False,6b62bc02,Ubuntu 22.04,1.2
EMP00269,Katherine Simmons MD,ann48@example.org,Sales,Sales Manager,San Francisco,False,malicious,1547,10,16,Danielle Bradshaw,low,False,fb555e31,Windows 11,0.8
EMP00270,Joshua Matthews,weberjennifer@example.com,Sales,SDR,Toronto,True,normal,814,7,17,Scott Rivera,low,True,a72a8e30,Ubuntu 22.04,0.8
EMP00271,Corey Williams,pattersontracy@example.com,Operations,Operations Manager,Austin,False,normal,689,7,19,Carla Hines,high,True,1e9bf5fa,Windows 11,0.9
EMP00272,Carol Quinn,christianbrown@example.net,Operations,Facilities Manager,San Francisco,False,normal,1408,6,17,Denise Olson,medium,False,c8261a1a,Windows 11,0.9
EMP00273,Matthew Barnes,thomasanthony@example.net,Operations,Logistics Coordinator,San Francisco,False,normal,1803,8,18,Michael Jimenez,high,True,a3c4529e,macOS Sonoma,0.9
EMP00274,Daniel Castro,huffhannah@example.net,IT,Security Analyst,Tokyo,True,normal,1184,8,20,Sabrina Moss,medium,True,7823067e,Ubuntu 22.04,1.4
EMP00275,Ryan Williamson,snydertony@example.com,Marketing,Content Strategist,Tokyo,False,normal,338,6,19,Patricia Melendez,low,True,3b9e0437,macOS Sonoma,0.7
EMP00276,Thomas Murray,lperry@example.com,Marketing,SEO Specialist,New York,False,normal,32,9,18,Craig Wright,low,True,80a2408a,Windows 11,0.7
EMP00277,James Brennan,daniellecalhoun@example.org,Operations,Operations Manager,New York,False,normal,1487,8,16,David Sweeney,low,False,c0a06baa,Ubuntu 22.04,0.9
EMP00278,Mandy Maxwell PhD,rreed@example.net,Finance,Payroll Specialist,Singapore,False,normal,1561,6,20,Julian Wallace,low,True,6da41ba4,Ubuntu 22.04,1.3
EMP00279,Jamie Jones,taylorfrank@example.net,Legal,Paralegal,San Francisco,False,normal,1192,6,19,Megan Johnson,medium,True,8a0691c9,macOS Sonoma,1.2
EMP00280,Zachary Andrews,josephsimpson@example.com,Operations,Facilities Manager,Austin,False,normal,1733,8,18,David Watkins,critical,True,046e444c,Windows 11,0.9
EMP00281,Mary Richard,murphymatthew@example.com,Operations,Facilities Manager,London,False,normal,253,7,16,Carlos Dudley,medium,True,c487d35e,macOS Sonoma,0.9
EMP00282,Christina Reid,jaredjimenez@example.org,Sales,SDR,Sydney,False,normal,1607,7,19,Anthony Mayo,high,True,f96f9135,Windows 11,0.8
EMP00283,Monica Abbott,jeremyryan@example.com,Sales,Account Executive,Berlin,True,normal,470,8,17,Jonathan Cline,low,False,c5a3f1a4,macOS Sonoma,0.8
EMP00284,David Brown,lovelindsay@example.org,Engineering,DevOps Engineer,New York,False,normal,562,7,16,Christopher Yates,critical,False,e3150c4f,Ubuntu 22.04,1.5
EMP00285,Jasmine Young,stephen34@example.org,HR,HR Coordinator,Tokyo,False,normal,976,6,17,Jose Barnett,low,True,f29aede1,Windows 11,1.0
EMP00286,David Alvarez,meredithhernandez@example.net,Engineering,DevOps Engineer,Austin,True,normal,1435,6,20,Laura Miller,high,False,c7ed6bf4,Windows 11,1.5
EMP00287,Jacqueline Williams,patriciavaughan@example.net,Marketing,Content Strategist,San Francisco,True,normal,1352,9,17,Manuel Bridges,low,False,1a750463,macOS Sonoma,0.7
EMP00288,Jacob Kim,shelbyyoung@example.org,HR,HR Coordinator,Toronto,True,normal,374,10,19,James Brown,critical,True,9eed7259,macOS Sonoma,1.0
EMP00289,Bradley Powell,jamessummers@example.com,Sales,SDR,London,False,normal,469,7,18,Bradley Morris,high,True,85e0feee,Windows 11,0.8
EMP00290,Margaret Palmer,patelrobin@example.com,HR,HR Business Partner,Amsterdam,True,normal,533,8,19,Scott Faulkner,critical,False,c834e9c4,macOS Sonoma,1.0
EMP00291,Allison Maldonado,irivas@example.org,Engineering,QA Engineer,Berlin,True,normal,311,9,17,Kevin Pham,medium,False,3066ef37,Ubuntu 22.04,1.5
EMP00292,Elizabeth Schultz,kevin80@example.org,Engineering,DevOps Engineer,Austin,False,normal,1012,10,19,Kelli Alvarado,high,False,24378fcb,Ubuntu 22.04,1.5
EMP00293,Daniel Cook,powellvictoria@example.org,Operations,Operations Manager,Berlin,False,normal,83,8,20,Kevin Franklin,medium,True,fc0b7a7d,macOS Sonoma,0.9
EMP00294,Caroline Horton,wlandry@example.com,Sales,SDR,Toronto,True,normal,1600,10,17,Gabriel Harrison,medium,True,9b548475,Ubuntu 22.04,0.8
EMP00295,Stephen Gross,jamessims@example.org,Engineering,Software Engineer,Sydney,True,normal,1594,7,20,Jessica Fisher,critical,True,d9f78cf4,Windows 11,1.5
EMP00296,Natalie Davis,amandabraun@example.net,HR,Recruiter,Amsterdam,True,normal,1681,8,20,Scott Ortega,low,False,dbc97ef9,macOS Sonoma,1.0
EMP00297,Daniel Stein III,erictucker@example.org,Legal,Legal Counsel,Amsterdam,False,normal,1183,7,19,Michael Kaiser,high,True,29d5b940,Windows 11,1.2
EMP00298,Susan Romero,jasonmckenzie@example.net,Engineering,Tech Lead,Tokyo,True,normal,478,6,20,Jennifer Brock,critical,True,6e210436,Ubuntu 22.04,1.5
EMP00299,Mikayla Terry,laura20@example.org,Finance,CFO,London,True,normal,1498,7,18,Katherine Williams,low,True,c9f75970,Ubuntu 22.04,1.3
EMP00300,Kevin Mann,deannarice@example.org,Engineering,Software Engineer,London,False,normal,1763,10,18,Kirk Mills,low,True,10623e6b,Ubuntu 22.04,1.5
EMP00301,Brian Peterson,jmartinez@example.com,Engineering,DevOps Engineer,San Francisco,False,normal,648,8,17,Jessica Allen,medium,False,97486a13,macOS Sonoma,1.5
EMP00302,Mackenzie Fernandez,otucker@example.net,HR,HR Business Partner,Toronto,False,normal,679,7,20,Cynthia Barrett,high,True,38abcf16,Ubuntu 22.04,1.0
EMP00303,Valerie Valdez,fitzgeraldcole@example.com,HR,Recruiter,Austin,False,normal,1533,8,17,Patricia Santos,medium,False,ff245079,Ubuntu 22.04,1.0
EMP00304,Jacob Jordan,roberta28@example.com,Finance,Financial Analyst,Austin,False,normal,402,10,18,Collin Jordan,medium,False,5ab36032,Windows 11,1.3
EMP00305,Andrea Robertson,crossdavid@example.net,Legal,Compliance Officer,London,False,normal,1556,6,17,John Thompson,high,False,4cfa1241,Windows 11,1.2
EMP00306,Sergio Berry,amber22@example.net,IT,Security Analyst,San Francisco,False,normal,944,6,18,Joseph Bradshaw,medium,True,8bc415dc,Windows 11,1.4
EMP00307,Scott Price,theresadavis@example.com,Marketing,Marketing Lead,San Francisco,False,normal,128,9,19,Terry Watkins,critical,False,b5549bf4,macOS Sonoma,0.7
EMP00308,Benjamin Kidd,nicolewashington@example.com,Sales,SDR,Austin,False,normal,1148,9,16,Kellie Anderson,critical,False,f3fdc982,Ubuntu 22.04,0.8
EMP00309,Jason Alexander,jimenezpeter@example.net,Operations,Operations Manager,Tokyo,False,normal,954,6,16,Tammy Brown,high,True,9e631df4,macOS Sonoma,0.9
EMP00310,Brett Stone,martindavid@example.com,Sales,SDR,San Francisco,False,normal,378,9,17,Derek Gonzalez,low,True,4d6970e3,Windows 11,0.8
EMP00311,Gary Martinez,kelly90@example.net,Marketing,Brand Manager,Amsterdam,False,normal,1472,6,19,Kyle Taylor,medium,False,739ece53,macOS Sonoma,0.7
EMP00312,Jennifer Willis MD,alice48@example.org,Engineering,DevOps Engineer,San Francisco,True,normal,450,7,19,Marcus Brown,high,False,e09144cf,macOS Sonoma,1.5
EMP00313,Mark Mendez,richard37@example.org,Engineering,QA Engineer,New York,True,normal,1200,10,19,Thomas Armstrong,medium,True,b97f5a52,Windows 11,1.5
EMP00314,Kevin Brooks,nguyenbrent@example.net,IT,Helpdesk Tech,Berlin,False,normal,438,6,16,Michael Alexander,medium,True,fdbd6a24,macOS Sonoma,1.4
EMP00315,Robert Kelly DVM,lindseyandrews@example.net,Operations,Operations Manager,Toronto,False,normal,661,9,19,Michelle Burgess,critical,False,4bdd16ce,macOS Sonoma,0.9
EMP00316,Amanda Lewis,smithanthony@example.org,Finance,Payroll Specialist,Sydney,True,normal,408,8,19,Debra Whitehead,high,True,3a2ff467,Windows 11,1.3
EMP00317,Michaela Pena,adambrown@example.net,Marketing,SEO Specialist,Toronto,True,normal,493,8,20,William Davis,low,True,57f42e10,Ubuntu 22.04,0.7
EMP00318,Jenny Ward,gabriellebarron@example.org,Engineering,DevOps Engineer,San Francisco,False,normal,1685,10,19,Rebecca Sutton,medium,True,45f384dd,macOS Sonoma,1.5
EMP00319,Jennifer White,ericsmith@example.net,Engineering,Tech Lead,Austin,False,normal,1437,9,20,Ricardo Wilson,medium,True,739e2e66,Windows 11,1.5
EMP00320,Amber Pacheco,despinoza@example.net,Sales,Sales Manager,New York,False,normal,276,9,17,Vincent Elliott,medium,False,1e7c0a14,Windows 11,0.8
EMP00321,Rodney Thomas,theresareid@example.net,HR,HR Coordinator,Austin,True,normal,1429,9,17,Christopher Boyer,medium,False,df7c22c3,macOS Sonoma,1.0
EMP00322,Ronald White,jameswilliam@example.com,Legal,Legal Counsel,San Francisco,False,normal,824,10,19,Brian Prince,high,False,f588b2bc,Ubuntu 22.04,1.2
EMP00323,Katie Wolfe,jamesrobert@example.com,Finance,Payroll Specialist,New York,False,normal,260,9,17,Monica Chambers,medium,True,7e9c7363,Ubuntu 22.04,1.3
EMP00324,Allison Collier,jamesjulie@example.net,Sales,Account Executive,San Francisco,False,normal,1182,6,18,Morgan Abbott,high,False,776a26dc,macOS Sonoma,0.8
EMP00325,Yesenia Cohen,waynehess@example.net,IT,Helpdesk Tech,Toronto,False,normal,106,7,18,Valerie Bradley,critical,True,2177f7e7,Ubuntu 22.04,1.4
EMP00326,Lauren Smith,martinezkeith@example.com,Legal,Legal Counsel,Austin,False,normal,840,8,17,Alexander Simon,low,False,82333546,macOS Sonoma,1.2
EMP00327,Jose Brown,jimenezlisa@example.org,HR,Recruiter,New York,False,normal,1704,8,18,Mary Taylor,high,False,717ce6b0,Ubuntu 22.04,1.0
EMP00328,Deborah Brown,xjimenez@example.net,Finance,Accountant,Tokyo,False,normal,645,9,18,Jeffrey Rodriguez,high,False,27dd7491,Ubuntu 22.04,1.3
EMP00329,Deanna Chavez,johnmiller@example.com,Marketing,Brand Manager,Tokyo,False,normal,462,9,19,James Hill,high,False,93b30559,Ubuntu 22.04,0.7
EMP00330,Mrs. Elizabeth Romero,ruizandrew@example.org,Engineering,DevOps Engineer,San Francisco,False,normal,1483,10,19,Daniel Knight,medium,False,1aaec94b,Ubuntu 22.04,1.5
EMP00331,Melissa Randall,nicholas66@example.net,Sales,Sales Manager,New York,False,normal,424,7,16,Rodney Gonzalez,medium,True,861ce611,Windows 11,0.8
EMP00332,Douglas Gillespie,loriweiss@example.com,Legal,Compliance Officer,Tokyo,False,normal,784,9,20,Melissa Cook,critical,False,21583f9f,Windows 11,1.2
EMP00333,Rebecca Johnson,bryanbarbara@example.org,Engineering,DevOps Engineer,Tokyo,False,normal,1031,10,19,Patrick Sutton,medium,False,d0f8c93a,macOS Sonoma,1.5
EMP00334,Rick Medina,valvarado@example.net,Engineering,DevOps Engineer,Singapore,False,normal,364,8,16,Vincent Meyer,high,True,7f126aeb,Windows 11,1.5
EMP00335,Yvonne Morgan,jonesgary@example.com,Engineering,Data Scientist,Amsterdam,True,normal,1785,7,17,Katherine Lopez,medium,True,52a8fdd0,macOS Sonoma,1.5
EMP00336,Sean Holmes,ashley52@example.com,Engineering,QA Engineer,New York,False,malicious,300,7,20,Mr. Robert Sharp,low,True,730bcb7e,Ubuntu 22.04,1.5
EMP00337,Mrs. Melissa Flores,hoffmanjennifer@example.net,Operations,Facilities Manager,Berlin,False,normal,1482,8,19,Julie Myers,critical,False,8c36bc7c,macOS Sonoma,0.9
EMP00338,Sherry Gomez,uking@example.com,Legal,Compliance Officer,Toronto,True,normal,1416,10,20,John Smith,critical,True,52e82c16,Windows 11,1.2
EMP00339,Steven Elliott,richard80@example.com,Marketing,SEO Specialist,Singapore,False,normal,641,6,19,Dennis Harris,low,True,8ef95936,macOS Sonoma,0.7
EMP00340,Scott Stevens,karen46@example.net,Engineering,DevOps Engineer,Berlin,False,normal,1373,8,17,Dale Mcbride,medium,True,f4aae2b2,Windows 11,1.5
EMP00341,Thomas Collins,sarahjackson@example.net,Marketing,Brand Manager,Amsterdam,False,normal,1382,8,17,Christine Floyd,low,False,da6dea6d,macOS Sonoma,0.7
EMP00342,Sean Williams,richardgray@example.org,Marketing,Brand Manager,Austin,True,normal,825,6,20,Richard Johnson,medium,True,c8fae162,Ubuntu 22.04,0.7
EMP00343,Maria Madden,davischristina@example.net,Engineering,QA Engineer,Sydney,True,normal,1405,8,20,April Maldonado,high,False,1d5dd168,Ubuntu 22.04,1.5
EMP00344,Jeffrey Navarro,michelleburgess@example.net,Marketing,SEO Specialist,London,False,normal,229,9,17,Monica Sanchez,high,False,5c4b1c00,Ubuntu 22.04,0.7
EMP00345,William Lewis,bruce55@example.com,Sales,SDR,London,False,normal,1370,6,17,Lisa Williamson,high,True,020c72b2,macOS Sonoma,0.8
EMP00346,Theresa Hester,moneill@example.net,Finance,CFO,Singapore,False,normal,563,10,18,Megan Burgess,critical,False,00e8c3ec,macOS Sonoma,1.3
EMP00347,Lawrence Griffin,millertammy@example.org,Finance,Financial Analyst,Amsterdam,True,normal,997,7,20,Jeffrey Williams,low,False,fb384dd8,macOS Sonoma,1.3
EMP00348,Kenneth Waller,brandon07@example.org,Engineering,Software Engineer,Austin,False,normal,1813,7,17,Jason Reeves,medium,True,8d8f0595,Ubuntu 22.04,1.5
EMP00349,Thomas Higgins,bsmith@example.com,Sales,Sales Manager,Toronto,False,normal,677,7,16,Angela Flynn,critical,True,b5128384,Windows 11,0.8
EMP00350,Walter Hill,vjones@example.com,Finance,Financial Analyst,New York,False,normal,955,8,17,Cynthia Ferguson,medium,True,5533578b,Windows 11,1.3
EMP00351,Jessica Brock MD,thomasreeves@example.net,Marketing,Content Strategist,San Francisco,False,normal,1288,9,19,Deborah Dixon,critical,True,9fb2c19f,macOS Sonoma,0.7
EMP00352,Cassandra Ryan,joshuarobinson@example.org,Operations,Facilities Manager,New York,False,normal,438,8,16,Adam Shannon,high,False,52e0b94a,Ubuntu 22.04,0.9
EMP00353,Kimberly Stout,amanda76@example.org,Finance,Accountant,New York,True,normal,493,8,18,Michael Smith,medium,True,847b7126,Ubuntu 22.04,1.3
EMP00354,Kenneth Hunter,andrea86@example.net,Engineering,Software Engineer,London,False,normal,1717,6,18,Jeffrey Clay,high,True,7d276131,Ubuntu 22.04,1.5
EMP00355,Ashley Garcia,marshalldouglas@example.org,Engineering,QA Engineer,Singapore,False,normal,1436,7,18,Jeanette Webb,critical,True,fea90c48,Windows 11,1.5
EMP00356,Randy Mata,anthony46@example.com,Finance,Financial Analyst,Austin,True,normal,497,7,17,Candice Brown,medium,False,73d02349,Ubuntu 22.04,1.3
EMP00357,Donna Perez,dhouston@example.org,Engineering,DevOps Engineer,San Francisco,False,normal,1486,6,19,Frank Johnson,high,False,222d2661,Ubuntu 22.04,1.5
EMP00358,John Simpson,ruizkaren@example.net,HR,HR Business Partner,New York,True,normal,251,6,16,Jackson Blake,low,True,cc40497f,macOS Sonoma,1.0
EMP00359,Tara Cantrell,brownrebekah@example.net,IT,Helpdesk Tech,Berlin,True,normal,1467,7,17,Jacob Khan,low,True,196b41b9,Ubuntu 22.04,1.4
EMP00360,Sandra Clark,ycollins@example.net,HR,Recruiter,Sydney,True,normal,1305,10,17,Crystal Kelly,critical,False,1f4e702b,Windows 11,1.0
EMP00361,Julie Fisher,harmonkathleen@example.org,Sales,Account Executive,Amsterdam,False,normal,608,6,16,Michael Mendez,critical,True,1f0dc7ca,Windows 11,0.8
EMP00362,Nathan Roach,jamesmoore@example.net,Finance,Accountant,Sydney,False,normal,763,9,18,Jessica Norton,medium,True,dd0d6084,macOS Sonoma,1.3
EMP00363,Frederick Anthony,matthewsmith@example.com,Marketing,SEO Specialist,Toronto,False,normal,510,6,16,Lauren Clark,low,False,66648032,Ubuntu 22.04,0.7
EMP00364,Ronald Stewart,vanessa30@example.net,HR,HR Coordinator,London,False,normal,1626,10,16,Desiree Thompson,low,False,607960ce,Ubuntu 22.04,1.0
EMP00365,Jessica Rowe,johnsonjill@example.com,IT,Security Analyst,Berlin,True,normal,980,6,16,Richard Coleman,medium,False,507bbd16,macOS Sonoma,1.4
EMP00366,Sherri Mills,fbennett@example.org,Sales,Account Manager,Singapore,False,normal,1542,6,16,Nicholas Harris,low,True,9d5e4003,Windows 11,0.8
EMP00367,Emily Anderson,oterry@example.com,IT,Security Analyst,London,False,normal,762,9,20,Brandon Howard,high,False,982775b4,Windows 11,1.4
EMP00368,Brian Liu,annahunt@example.com,IT,Network Engineer,Singapore,False,normal,263,9,19,Lisa Davis,critical,True,c96d02bc,macOS Sonoma,1.4
EMP00369,Kevin Smith,katherinegonzales@example.net,Engineering,QA Engineer,Toronto,False,normal,1358,7,16,Samuel Villanueva,medium,False,d1d37b79,Windows 11,1.5
EMP00370,James Rojas,stephanieriggs@example.com,Engineering,Software Engineer,London,False,normal,882,10,19,Adam Cobb,critical,True,65a1703d,macOS Sonoma,1.5
EMP00371,Donna Reed,cody81@example.org,Engineering,Software Engineer,Amsterdam,False,normal,1796,7,19,Troy Marshall,critical,True,3a44d605,macOS Sonoma,1.5
EMP00372,Michael Perez,atkinsselena@example.net,Engineering,DevOps Engineer,San Francisco,False,normal,1371,8,16,Nancy Sandoval,medium,False,70f21c38,Ubuntu 22.04,1.5
EMP00373,Kenneth Benson,powellsandra@example.com,Engineering,Tech Lead,Sydney,False,normal,1439,10,16,Andrew Porter,critical,False,a5b63fe5,Windows 11,1.5
EMP00374,Andrew Newman,jessica79@example.org,Finance,Accountant,Austin,False,normal,1748,10,20,Joshua Kerr,low,True,18b62b15,Windows 11,1.3
EMP00375,Nicole Long,claudiabradshaw@example.com,Engineering,QA Engineer,Toronto,False,normal,1810,7,16,Bonnie Pierce,critical,True,beedf93f,macOS Sonoma,1.5
EMP00376,Tiffany Ballard,allenjulia@example.net,Sales,Sales Manager,New York,False,normal,1157,9,19,Mr. Joseph Pope Jr.,medium,True,934db244,macOS Sonoma,0.8
EMP00377,Amy Dunlap,ortizreginald@example.org,Operations,Operations Manager,Toronto,False,normal,1784,9,19,Linda Stevens,high,True,47f66aa8,macOS Sonoma,0.9
EMP00378,Robert Cruz,douglasgibbs@example.com,Engineering,Software Engineer,New York,False,normal,856,9,16,Benjamin Murphy,low,False,ecb2feb4,Ubuntu 22.04,1.5
EMP00379,Brenda Mccullough,imayer@example.org,Operations,Facilities Manager,Berlin,False,normal,1181,7,19,Angela Burnett,high,True,ce8a0d70,Windows 11,0.9
EMP00380,Jason Nguyen,lisa84@example.org,Sales,SDR,Toronto,False,normal,1177,10,20,Stephanie Martin,critical,False,eb63e493,macOS Sonoma,0.8
EMP00381,Ryan Booth,maciasrachel@example.com,Engineering,Software Engineer,San Francisco,False,malicious,1585,7,16,April Moss,high,True,99b4546e,Ubuntu 22.04,1.5
EMP00382,Jonathan Lam,robertbrown@example.org,Finance,CFO,Berlin,False,normal,1467,6,16,Jonathan Hall,medium,True,bbe1d227,Ubuntu 22.04,1.3
EMP00383,James Peters,omitchell@example.net,Finance,Financial Analyst,Austin,False,normal,550,10,17,David Taylor,medium,True,4c8e577d,macOS Sonoma,1.3
EMP00384,Zachary Ball,anthony03@example.org,Operations,Facilities Manager,Tokyo,True,normal,722,6,19,Kristin Tran,low,False,14e17e26,Ubuntu 22.04,0.9
EMP00385,James Reyes,patelroy@example.com,Legal,Compliance Officer,Toronto,False,malicious,1378,10,20,Brian Stone,medium,False,2c87af6a,Windows 11,1.2
EMP00386,Andrew Tran,andrea46@example.com,Operations,Facilities Manager,New York,False,normal,916,10,19,Adam Reed,medium,False,ef55574a,Windows 11,0.9
EMP00387,Donna Gross,mitchellpatel@example.com,Sales,Account Executive,London,False,normal,823,10,20,Julie Conner,high,True,c683c2ce,macOS Sonoma,0.8
EMP00388,Angela Brown,williampeterson@example.com,Engineering,Data Scientist,Amsterdam,False,normal,590,9,18,Rachel Andrade,high,True,5c1ff249,Windows 11,1.5
EMP00389,Taylor Young,danielsbonnie@example.org,Legal,Paralegal,Amsterdam,True,normal,1562,10,18,Michelle Santana,high,False,a290692e,Ubuntu 22.04,1.2
EMP00390,John Thompson,josephevans@example.com,Operations,Operations Manager,Tokyo,False,normal,1308,8,18,Amanda White,medium,False,ac518ba1,Ubuntu 22.04,0.9
EMP00391,Sharon Garrett,stephaniemunoz@example.com,IT,Security Analyst,London,False,normal,1484,6,18,Thomas Barnett,critical,True,61857146,Ubuntu 22.04,1.4
EMP00392,Ruth Cruz,larry20@example.org,Marketing,SEO Specialist,Sydney,False,normal,1765,9,16,Ruth Davis,low,True,edf97bc4,Windows 11,0.7
EMP00393,Benjamin Smith,tbutler@example.net,Sales,Sales Manager,New York,True,normal,576,7,18,Danielle Middleton,high,True,c50f22b1,Windows 11,0.8
EMP00394,Mr. Austin Reeves MD,stantonkayla@example.net,Operations,Operations Manager,Berlin,False,normal,1573,10,16,Jennifer Cook,high,False,4a1a6a7e,Windows 11,0.9
EMP00395,Brandon Robinson,jerryjackson@example.org,Sales,Sales Manager,Sydney,False,normal,1550,10,19,Kelly Chavez,medium,True,dcb5780a,Ubuntu 22.04,0.8
EMP00396,Shannon Wolfe,ericksonjessica@example.com,IT,Helpdesk Tech,New York,True,normal,823,9,18,Cynthia Carson,low,True,782ced01,macOS Sonoma,1.4
EMP00397,Casey Scott,maymatthew@example.com,Operations,Operations Manager,Toronto,True,normal,1327,8,20,Daniel Gonzalez,medium,False,06e33e82,Windows 11,0.9
EMP00398,Brenda Garza,marctrujillo@example.net,Marketing,Marketing Lead,London,True,normal,412,7,20,Sabrina Thompson,low,True,c458cdae,macOS Sonoma,0.7
EMP00399,Connie Phelps,fanderson@example.com,Legal,Legal Counsel,Berlin,True,normal,359,10,18,Antonio Davis,low,True,694e30ca,Ubuntu 22.04,1.2
EMP00400,Stephanie Cantrell,brendadominguez@example.net,Legal,Legal Counsel,New York,False,malicious,690,10,16,Nicole Johnson,high,True,a4cafb95,Ubuntu 22.04,1.2
EMP00401,Ricardo Griffin,lyoung@example.org,Engineering,DevOps Engineer,San Francisco,False,normal,1106,7,17,Rebecca Brown,low,False,350951e6,Windows 11,1.5
EMP00402,Stephanie Parker,briankim@example.org,IT,Helpdesk Tech,Sydney,False,normal,218,8,17,Kristen Mitchell,medium,False,6e4e8dfb,macOS Sonoma,1.4
EMP00403,Megan Smith,imontgomery@example.com,Marketing,Brand Manager,Tokyo,False,normal,1179,6,16,Corey Browning,high,True,b914d5cf,Ubuntu 22.04,0.7
EMP00404,Chelsea Garcia,jonathan07@example.org,Operations,Operations Manager,Amsterdam,False,normal,111,8,19,David Roth,low,True,8000eaf0,Ubuntu 22.04,0.9
EMP00405,Victoria Le,zowens@example.org,Sales,SDR,New York,False,malicious,1083,10,19,Brian Taylor,critical,True,3c699d31,Ubuntu 22.04,0.8
EMP00406,Emma Rodriguez,ajensen@example.net,Operations,Operations Manager,Sydney,True,normal,226,7,20,Dr. Lindsey Burns,low,False,1154e910,Windows 11,0.9
EMP00407,Stephen Smith,druiz@example.com,Sales,Account Manager,Tokyo,False,normal,1741,6,17,Julie Hale,critical,False,293ba90d,Windows 11,0.8
EMP00408,Sheila Long,chambersamber@example.org,Engineering,Software Engineer,London,False,normal,970,8,16,Jennifer Daniels,low,True,32f4fb4b,Windows 11,1.5
EMP00409,Robert Henry,laura53@example.net,IT,IT Administrator,Sydney,False,normal,1207,7,18,Susan Charles,critical,True,da7497f5,Ubuntu 22.04,1.4
EMP00410,Tyler Bradley,allenjulie@example.com,Engineering,Software Engineer,Singapore,False,normal,827,6,20,Jenna Chambers,low,False,c77dc177,Ubuntu 22.04,1.5
EMP00411,Jacob Garcia MD,marissa80@example.org,Sales,Account Executive,Amsterdam,True,normal,1465,6,18,Robin Lyons,low,True,8d2237c7,Ubuntu 22.04,0.8
EMP00412,Sherri Hogan,jennifer47@example.com,IT,Security Analyst,San Francisco,False,normal,1597,9,19,Megan King,critical,False,df05ee61,Windows 11,1.4
EMP00413,Mr. Paul Mclaughlin,amays@example.net,IT,Network Engineer,Sydney,False,normal,309,9,20,Joseph Hodge,high,False,b20f56a7,Windows 11,1.4
EMP00414,Joseph Boone,fostermichele@example.org,HR,HR Coordinator,Singapore,True,normal,1163,10,17,Gabriel Fletcher,low,True,9e04051f,Ubuntu 22.04,1.0
EMP00415,Dale Montoya,wrightdawn@example.com,Finance,Financial Analyst,Sydney,False,normal,654,7,18,Megan Erickson,medium,True,a79b3db7,Ubuntu 22.04,1.3
EMP00416,Amber Franklin,kramos@example.com,Marketing,Content Strategist,London,False,normal,406,7,20,William Ramos,high,True,15f480ee,Windows 11,0.7
EMP00417,Stephanie Cooper,stewarttyler@example.net,Sales,Account Executive,Amsterdam,False,normal,1773,10,19,Carol Craig,low,True,8176ba60,Windows 11,0.8
EMP00418,Joshua Williams,hbrown@example.com,Sales,Account Manager,Tokyo,True,normal,707,8,17,Christine Davis,medium,True,b7f0dd4d,Ubuntu 22.04,0.8
EMP00419,Kelly Dixon,eric88@example.org,Finance,CFO,Tokyo,True,normal,1025,9,18,Heather Fernandez,high,False,08471a31,Windows 11,1.3
EMP00420,Lauren Holder,tduran@example.org,Legal,Compliance Officer,Singapore,False,normal,907,7,16,Steve Ward,high,True,454cd5e8,Windows 11,1.2
EMP00421,Joshua Stanley,bgreen@example.net,Operations,Logistics Coordinator,Austin,False,malicious,1750,8,17,George Spencer,high,False,da328d49,macOS Sonoma,0.9
EMP00422,Danielle Warren,jessicablack@example.net,Operations,Logistics Coordinator,Berlin,False,normal,1159,6,17,Sara Schwartz,low,False,265da4ed,Windows 11,0.9
EMP00423,Timothy Davis,rebeccastewart@example.com,Engineering,DevOps Engineer,Tokyo,False,normal,1532,6,16,Derek Thompson,low,False,77ce80b3,Ubuntu 22.04,1.5
EMP00424,Rebecca Fowler,mauricewhite@example.com,Marketing,Brand Manager,Amsterdam,True,normal,1605,10,17,Olivia Gray,low,True,4c7cc6fc,Ubuntu 22.04,0.7
EMP00425,Mrs. Alyssa Perez,lisarobertson@example.org,Engineering,QA Engineer,Sydney,False,normal,1369,7,18,William Myers,critical,True,d5517b92,Ubuntu 22.04,1.5
EMP00426,Tammy Payne,thomas58@example.org,HR,HR Coordinator,Berlin,False,normal,981,10,20,William Coleman,low,True,c6cd621d,Ubuntu 22.04,1.0
EMP00427,Jeremy Adams,mwilliams@example.org,Marketing,Content Strategist,Tokyo,True,normal,1580,10,17,Gary Simmons,critical,True,4c9d620e,Ubuntu 22.04,0.7
EMP00428,Cheryl Johnson,michael82@example.org,Operations,Facilities Manager,London,False,normal,1529,9,18,Melanie Maxwell,low,True,9a725a7d,macOS Sonoma,0.9
EMP00429,Anna Hopkins MD,awang@example.net,Sales,SDR,Berlin,True,normal,509,6,17,Amanda Snyder,high,True,da7b84bc,macOS Sonoma,0.8
EMP00430,Amy Valentine,stephanie66@example.org,Engineering,DevOps Engineer,New York,False,normal,241,10,18,Christine Mccall,high,True,58af4955,Ubuntu 22.04,1.5
EMP00431,Michael Frazier,nathankline@example.com,Engineering,DevOps Engineer,Austin,True,normal,1233,6,20,Melissa Harris,high,True,75b27978,Windows 11,1.5
EMP00432,Jacob Vargas,davidgamble@example.org,Legal,Compliance Officer,Singapore,False,normal,1027,9,20,Lauren Roach,low,True,18139edb,Windows 11,1.2
EMP00433,Kevin Little,jaypaul@example.org,Finance,Financial Analyst,Tokyo,False,normal,1083,8,17,Laura Mcdonald,medium,True,02ecb3d0,macOS Sonoma,1.3
EMP00434,Glenn Reyes,sandraburke@example.org,Engineering,Data Scientist,San Francisco,False,normal,879,8,16,Teresa Hopkins,critical,False,e2fa9320,macOS Sonoma,1.5
EMP00435,Jessica Gutierrez,jesus56@example.net,Engineering,QA Engineer,London,True,normal,75,7,16,Brian Graves,medium,True,c4a249aa,Windows 11,1.5
EMP00436,David Roman,gonzalezrandy@example.org,Legal,Legal Counsel,Sydney,True,normal,1202,7,16,Alyssa Bruce,medium,True,f4c12a2b,Windows 11,1.2
EMP00437,Robert Prince,megan92@example.net,Engineering,Tech Lead,Austin,False,normal,1184,6,18,Chris Diaz,low,True,4ce4c2ac,Ubuntu 22.04,1.5
EMP00438,David Robles,fletcherpaul@example.org,Operations,Operations Manager,Toronto,False,normal,479,9,20,David Brown,medium,False,216cc9b3,Windows 11,0.9
EMP00439,Courtney Vazquez,jill80@example.com,Legal,Compliance Officer,Sydney,False,normal,373,8,19,Sarah Rodriguez,low,True,162f831f,macOS Sonoma,1.2
EMP00440,Stephanie Castro,daltonreyes@example.com,Engineering,Data Scientist,New York,True,normal,1100,10,19,Sean Lopez,medium,False,d00fed07,Windows 11,1.5
EMP00441,Joel Rogers,cummingserin@example.com,Engineering,Tech Lead,Amsterdam,False,normal,109,10,20,Ryan Reyes,low,True,d835a4cf,Ubuntu 22.04,1.5
EMP00442,Paul Hudson,garciateresa@example.com,IT,IT Administrator,Amsterdam,True,normal,1616,9,20,Joanna Merritt,critical,True,fd181d62,Windows 11,1.4
EMP00443,Rachel Keith,gmorgan@example.org,Sales,Sales Manager,Austin,False,normal,1673,9,19,Sydney Barrera,high,True,925a2a41,Ubuntu 22.04,0.8
EMP00444,James Walker,dpugh@example.org,Sales,Account Executive,Amsterdam,False,normal,901,7,18,Brian Brown,critical,False,0a948355,Windows 11,0.8
EMP00445,Christina Clark,juarezcarla@example.net,Operations,Logistics Coordinator,Sydney,True,normal,557,7,16,Ryan Delgado,low,True,f4e3202d,Windows 11,0.9
EMP00446,Vanessa Mendez,johnsonjohn@example.org,IT,Network Engineer,Austin,False,normal,1438,8,19,Larry Lawrence,high,True,4fed2ef5,macOS Sonoma,1.4
EMP00447,Rebecca Wolfe,brendakaiser@example.org,IT,Security Analyst,Berlin,False,normal,1780,10,19,Heather Moore,high,False,15b69618,Ubuntu 22.04,1.4
EMP00448,Donna Jones,gbarton@example.org,Legal,Compliance Officer,Tokyo,False,malicious,1160,10,19,Jay Lewis,medium,True,d512f8a0,Ubuntu 22.04,1.2
EMP00449,Megan Dean,joshuagriffin@example.org,Sales,SDR,Berlin,False,normal,1615,9,17,Rachel Gibson,low,False,f2177eda,macOS Sonoma,0.8
EMP00450,Elizabeth Sexton,jennifer76@example.org,Engineering,Software Engineer,London,False,normal,469,10,19,Caroline Dickson,high,False,b2281304,Ubuntu 22.04,1.5
EMP00451,Karen Clay,eric81@example.net,Operations,Operations Manager,New York,False,normal,826,6,16,Cynthia Ford,medium,True,f26502bb,Ubuntu 22.04,0.9
EMP00452,Felicia Black,karen23@example.org,HR,Recruiter,San Francisco,False,normal,484,8,16,Joseph Dunn,low,False,5f0ce1ab,macOS Sonoma,1.0
EMP00453,Joyce Galloway,richardperez@example.org,Marketing,SEO Specialist,Sydney,False,normal,1487,10,16,John House,medium,False,c80d5ccb,macOS Sonoma,0.7
EMP00454,Rachel Morris,rmacias@example.net,IT,Security Analyst,Sydney,True,normal,428,6,20,Christopher Dillon,medium,False,efb5f101,Ubuntu 22.04,1.4
EMP00455,Sara Moody,jessica67@example.net,Engineering,Software Engineer,Tokyo,True,normal,352,6,18,Dawn Chambers,critical,True,bddebb4e,macOS Sonoma,1.5
EMP00456,Christopher Berger,pjoyce@example.org,Marketing,Marketing Lead,Tokyo,False,normal,1539,6,16,Lisa Parker,high,False,a2f7f117,Ubuntu 22.04,0.7
EMP00457,Daniel Woods,jonathansteele@example.net,Engineering,DevOps Engineer,Singapore,False,normal,1700,8,17,Jacob Gilmore,medium,True,a671647c,macOS Sonoma,1.5
EMP00458,Jeffrey Howard,phamtony@example.org,Marketing,Content Strategist,Berlin,False,normal,863,10,16,Amanda Mack,low,True,e2f32f3a,macOS Sonoma,0.7
EMP00459,Andrew Gonzalez,marywatson@example.net,Engineering,DevOps Engineer,Sydney,False,normal,1824,10,20,Deborah Lopez,high,False,39573368,macOS Sonoma,1.5
EMP00460,Joseph Gonzalez,williamsjennifer@example.com,Engineering,DevOps Engineer,Tokyo,False,normal,1618,9,19,Lynn Kelly,low,True,cde18666,macOS Sonoma,1.5
EMP00461,Teresa Gomez,cphelps@example.com,Engineering,Data Scientist,Tokyo,True,normal,1668,8,19,Alicia Nelson,high,True,d395b760,Windows 11,1.5
EMP00462,Michelle Richards,deborahrobertson@example.org,Finance,Accountant,Berlin,False,normal,618,6,19,Andrew Anderson,high,True,42f4d0cf,Windows 11,1.3
EMP00463,Alejandro Patel,michaelparker@example.org,Legal,Legal Counsel,Singapore,False,normal,1204,8,17,Timothy Pruitt,medium,True,3be4cf31,Windows 11,1.2
EMP00464,Donald Gonzalez,patrick85@example.com,HR,Recruiter,Tokyo,True,normal,453,7,17,Cynthia Murphy,medium,False,8116d873,macOS Sonoma,1.0
EMP00465,Alexis Butler,juliehall@example.com,IT,IT Administrator,San Francisco,True,normal,190,9,20,Larry Finley,low,False,7984bf94,Ubuntu 22.04,1.4
EMP00466,Rebecca Jackson,william30@example.org,Sales,SDR,Toronto,False,normal,1301,8,19,Jennifer Holland MD,high,True,3333279d,Ubuntu 22.04,0.8
EMP00467,Amy Dawson,teresa16@example.com,Sales,Sales Manager,Tokyo,True,normal,140,10,19,Nicholas Martin,critical,False,4660d112,Windows 11,0.8
EMP00468,Michael Martin,calvin15@example.org,Operations,Facilities Manager,Austin,False,normal,1619,7,19,Robin Hamilton,low,False,0fb2122f,macOS Sonoma,0.9
EMP00469,Ryan Gates,johnmiller@example.org,Engineering,Software Engineer,New York,False,normal,1410,7,19,Victor White,low,True,bd523f98,Ubuntu 22.04,1.5
EMP00470,Elizabeth Cohen,awhite@example.org,IT,Security Analyst,London,False,normal,515,8,19,Tammy Brown,high,True,66da6891,macOS Sonoma,1.4
EMP00471,William Carney,kwilliams@example.net,Engineering,DevOps Engineer,Austin,False,malicious,777,9,18,Albert Howell,critical,True,f5e6e214,Windows 11,1.5
EMP00472,Betty Wilson,scottjohnson@example.org,IT,IT Administrator,Tokyo,False,normal,1506,8,17,David King,critical,False,b12cbdf2,Windows 11,1.4
EMP00473,Robert Luna,iharding@example.com,Engineering,QA Engineer,London,True,normal,1680,6,17,Toni Gonzalez,critical,True,da3b3c1c,Ubuntu 22.04,1.5
EMP00474,Peter Butler,david73@example.com,Operations,Logistics Coordinator,Singapore,False,normal,644,8,20,Jeremy Simon II,low,True,50469772,Ubuntu 22.04,0.9
EMP00475,Dwayne Hess,kingsean@example.net,HR,Recruiter,Tokyo,True,normal,1005,6,19,Susan Johnson,high,True,df77f6bf,macOS Sonoma,1.0
EMP00476,Daniel Howard,linda09@example.net,IT,Security Analyst,Berlin,False,normal,70,9,16,Laura Burns,high,False,220dd4e6,Ubuntu 22.04,1.4
EMP00477,Becky Rodriguez,efrost@example.org,Engineering,Tech Lead,Amsterdam,True,normal,387,8,18,Joseph Cole Jr.,high,False,afa0aed5,macOS Sonoma,1.5
EMP00478,Joseph Rodriguez,daniel93@example.org,HR,HR Coordinator,Toronto,False,normal,810,10,18,Kathryn Cruz,critical,False,359017df,Windows 11,1.0
EMP00479,Brian Lopez,qrobbins@example.net,IT,Helpdesk Tech,Singapore,False,normal,1322,10,20,Susan Morton,critical,False,ac119703,Windows 11,1.4
EMP00480,Katherine Francis,emedina@example.net,HR,HR Coordinator,Singapore,True,normal,672,8,18,Gary Reynolds,high,False,a01230ee,macOS Sonoma,1.0
EMP00481,Kristin Robinson,david39@example.com,Finance,CFO,Toronto,True,normal,1561,10,20,Robert Bowers,critical,True,61329f25,Windows 11,1.3
EMP00482,Alexis Cobb,cstewart@example.org,Finance,Accountant,London,False,normal,1385,8,16,Timothy Hoffman,medium,True,c8ee0f47,Windows 11,1.3
EMP00483,Christina Byrd,tbell@example.org,Marketing,Marketing Lead,Toronto,True,normal,83,9,20,Charles Hayes,low,True,2d8027e4,Ubuntu 22.04,0.7
EMP00484,Kaylee White,gvaughn@example.com,Finance,CFO,Austin,True,normal,499,7,18,Sarah Thompson,critical,False,e16b0bce,Windows 11,1.3
EMP00485,Julie Rodriguez,fwelch@example.com,HR,HR Coordinator,London,False,normal,101,8,18,Matthew Carr,critical,True,c5c8e4cc,Ubuntu 22.04,1.0
EMP00486,Dylan Mendoza,brooksmatthew@example.net,IT,Helpdesk Tech,Sydney,False,normal,306,10,17,Michelle Curry,critical,False,9bccf774,Ubuntu 22.04,1.4
EMP00487,Karen Carter,richard53@example.org,Engineering,Tech Lead,Austin,False,normal,1340,10,18,Amber Crawford,high,True,abe812f5,Windows 11,1.5
EMP00488,Joel Booth,robinsonjeremy@example.com,Sales,SDR,Toronto,False,malicious,779,9,18,Mindy Brown,medium,True,100ef333,Windows 11,0.8
EMP00489,Karen Ryan,vegadiana@example.org,IT,Security Analyst,London,False,normal,617,9,20,Dana Jones,low,False,8635ab84,macOS Sonoma,1.4
EMP00490,Debra Dalton,lindawelch@example.net,Operations,Logistics Coordinator,Toronto,False,normal,48,9,18,Devon Sanchez,medium,False,9ce64af4,Ubuntu 22.04,0.9
EMP00491,Christopher Payne,keithlauren@example.com,Marketing,Brand Manager,Austin,False,normal,838,7,17,Angela Stephens,critical,False,7542f862,Windows 11,0.7
EMP00492,Mr. Mark Miranda,xadams@example.com,Finance,Accountant,Austin,True,normal,1088,10,18,Mr. Louis Li,high,False,bf6c8180,Ubuntu 22.04,1.3
EMP00493,Felicia Dominguez,qjensen@example.com,Sales,Sales Manager,Austin,False,normal,1777,6,17,Richard Diaz,medium,True,f3d0f32c,Ubuntu 22.04,0.8
EMP00494,Andrew Harvey,robert54@example.com,Engineering,DevOps Engineer,Toronto,False,normal,1464,10,19,Troy Vargas,medium,True,a3dc58e1,Windows 11,1.5
EMP00495,Alejandro Faulkner,wlewis@example.net,Marketing,Marketing Lead,Sydney,True,normal,410,6,18,Frank Hurst,high,True,8f5fead2,macOS Sonoma,0.7
EMP00496,Courtney Aguilar,smithmark@example.com,Sales,Account Executive,Tokyo,False,normal,338,6,19,Megan Cunningham,medium,True,ce689140,macOS Sonoma,0.8
EMP00497,Scott Bailey,ulivingston@example.net,HR,Recruiter,Toronto,False,normal,979,6,18,Mark Dyer,low,False,ff6cfb1c,Windows 11,1.0
EMP00498,Darrell Martin,ymayo@example.com,Engineering,Software Engineer,Austin,True,normal,1142,9,17,Rebecca Jones,medium,False,4731c6cf,macOS Sonoma,1.5
EMP00499,Heather Cole,davidgregory@example.org,IT,IT Administrator,New York,False,normal,1603,7,19,Brandy Gibson,critical,True,3cdcb550,Windows 11,1.4
EMP00500,Victor Arnold,shansen@example.org,IT,Network Engineer,San Francisco,True,normal,998,9,18,Susan Sanchez,high,True,018b60b7,Ubuntu 22.04,1.4
EMP00501,Samantha Cruz,patricia42@example.com,Finance,Financial Analyst,Sydney,True,normal,548,9,18,Megan Rodriguez,medium,True,bc9a1002,Windows 11,1.3
EMP00502,Ruth Atkins,nsmith@example.com,HR,HR Coordinator,Tokyo,False,normal,513,9,18,John Graham,low,True,b2b8caab,macOS Sonoma,1.0
EMP00503,Nicholas Villarreal,normanbrown@example.net,Sales,Sales Manager,Austin,False,normal,48,6,20,Brandon Warner,critical,False,ad6ac52f,Windows 11,0.8
EMP00504,Meagan Rodriguez,ibarralori@example.net,Operations,Operations Manager,San Francisco,False,normal,352,9,16,Donna Miller,high,False,73dfa08b,Ubuntu 22.04,0.9
EMP00505,Alexander Mendoza,xclark@example.org,Finance,Accountant,Singapore,True,normal,1466,10,16,Kimberly Walker,medium,True,94c99a6e,macOS Sonoma,1.3
EMP00506,David Rojas,watsonheather@example.net,Engineering,QA Engineer,Singapore,False,normal,1531,7,16,Ashley Clark,critical,True,66978637,Windows 11,1.5
EMP00507,Tonya Beck,barnesmorgan@example.com,IT,Helpdesk Tech,New York,True,normal,1477,9,20,Melissa Roberts,high,True,5d7d9eab,macOS Sonoma,1.4
EMP00508,Samuel Smith,barkermary@example.com,Operations,Facilities Manager,London,True,normal,742,8,19,Darren Moody,high,False,03c8a65c,Ubuntu 22.04,0.9
EMP00509,Erik Robinson,williamryan@example.com,IT,Network Engineer,Sydney,False,normal,171,10,17,Aaron Berg,critical,True,37559d0a,macOS Sonoma,1.4
EMP00510,Ashley Rodgers,charles35@example.net,Legal,Legal Counsel,Toronto,False,normal,1619,10,19,Judith Simon,medium,False,486df28b,Ubuntu 22.04,1.2
EMP00511,Dustin Lewis,blivingston@example.org,Finance,Accountant,Amsterdam,False,normal,686,6,20,Tracey Anderson,critical,True,91afcb53,Ubuntu 22.04,1.3
EMP00512,Frederick Smith,jfoster@example.net,Marketing,Content Strategist,Sydney,False,normal,1285,8,18,Christopher Willis,critical,False,0a90f0ed,Windows 11,0.7
EMP00513,Veronica Gonzalez,mkelly@example.com,IT,IT Administrator,San Francisco,True,normal,1740,7,17,Jessica Jensen,low,True,954f31ef,macOS Sonoma,1.4
EMP00514,Laurie Lewis,yguerrero@example.com,Operations,Facilities Manager,New York,True,normal,1344,9,19,Elizabeth Williams,high,True,111a9ae5,Windows 11,0.9
EMP00515,Donald Richardson,lopezriley@example.com,Engineering,Software Engineer,San Francisco,False,normal,457,9,16,Micheal Williams,critical,False,3f542fcd,Windows 11,1.5
EMP00516,Ms. Claire Harrington,margaret87@example.org,Engineering,DevOps Engineer,Austin,False,normal,1656,6,20,Edgar Werner,high,True,6f253ca2,Ubuntu 22.04,1.5
EMP00517,Maria Martinez,johnwalker@example.com,Sales,Account Executive,Berlin,True,normal,472,10,16,Jason Mcfarland,low,False,aa86b9a4,Ubuntu 22.04,0.8
EMP00518,William Pham,kaylee16@example.com,Operations,Facilities Manager,Tokyo,False,normal,1375,7,20,Gary Roy,medium,True,45d72e74,Ubuntu 22.04,0.9
EMP00519,Robert Johnston,anthonydavis@example.net,IT,Security Analyst,San Francisco,False,normal,1411,9,19,Laurie Nelson,low,True,b9790eb8,Windows 11,1.4
EMP00520,Ashley Keller,laura88@example.net,Engineering,DevOps Engineer,Sydney,False,normal,1376,7,20,Scott Rodriguez,critical,False,fe924270,macOS Sonoma,1.5
EMP00521,Gary Miller,michael10@example.org,HR,Recruiter,Singapore,False,normal,874,9,18,Kimberly Mcmahon,medium,True,e2736c2f,Windows 11,1.0
EMP00522,Laurie Cabrera,johncook@example.net,Sales,SDR,Sydney,False,normal,767,9,19,Joseph Lee,critical,True,098f9236,Windows 11,0.8
EMP00523,Heather Santos,jacksonnatasha@example.net,IT,IT Administrator,Amsterdam,False,malicious,1090,7,18,Kathryn Deleon,low,True,73c0bdc6,Windows 11,1.4
EMP00524,Anthony Jackson,karenmaxwell@example.com,Operations,Operations Manager,Singapore,True,normal,1610,8,20,Jessica Morales,medium,True,ec3c8516,macOS Sonoma,0.9
EMP00525,Brandon Spence,deborah14@example.org,Operations,Logistics Coordinator,London,False,normal,781,10,17,Roger Proctor,medium,True,dfbecb21,macOS Sonoma,0.9
EMP00526,Tara Carter,isaac52@example.net,Marketing,Content Strategist,Austin,True,normal,1533,6,18,Nichole Marsh,critical,True,27d2766f,Ubuntu 22.04,0.7
EMP00527,Mark Thomas,bmoore@example.net,Marketing,SEO Specialist,San Francisco,False,malicious,106,10,19,Patricia Moore,low,False,d4cebe2d,macOS Sonoma,0.7
EMP00528,Ryan Roman,pattersonandrew@example.com,Sales,Account Manager,Austin,False,normal,1807,6,17,Amy Mendoza,low,False,4e5c4a8b,Ubuntu 22.04,0.8
EMP00529,Ashlee Mahoney,jasminegibson@example.net,Engineering,Tech Lead,Berlin,False,normal,114,8,20,Eric Harris,medium,True,378f9136,Ubuntu 22.04,1.5
EMP00530,Cindy Glover,jessica68@example.org,Operations,Facilities Manager,New York,True,normal,1528,9,19,Laura Martinez,low,True,3f398e45,macOS Sonoma,0.9
EMP00531,April Figueroa,cynthia21@example.net,Operations,Operations Manager,London,False,normal,718,6,19,Brian Luna,low,True,42de2679,macOS Sonoma,0.9
EMP00532,Michael Greer,brendapearson@example.com,IT,Helpdesk Tech,Sydney,True,normal,1614,7,17,Justin Zimmerman,critical,True,4d44776c,macOS Sonoma,1.4
EMP00533,Lisa Lawson,gwheeler@example.com,IT,Network Engineer,Amsterdam,False,normal,1179,10,20,Alexander Ingram,medium,True,bed7651a,macOS Sonoma,1.4
EMP00534,Nicholas Garcia,williamssean@example.com,HR,HR Business Partner,Singapore,False,normal,1209,6,16,Kari Hines,critical,True,9227210e,macOS Sonoma,1.0
EMP00535,Angela Reid,kgonzales@example.org,Legal,Paralegal,Singapore,True,normal,1372,6,18,Carlos Miller,medium,False,497a0946,Ubuntu 22.04,1.2
EMP00536,Kristin Zuniga,gregory01@example.net,IT,Network Engineer,Toronto,False,normal,932,6,17,Amy Brown,medium,False,a39d750b,Windows 11,1.4
EMP00537,Joseph Ramirez,salinasnicholas@example.com,Operations,Operations Manager,San Francisco,False,normal,1544,6,17,Sarah Sullivan,medium,False,feabe9ae,macOS Sonoma,0.9
EMP00538,Samuel Gentry,benjamin01@example.net,Engineering,DevOps Engineer,San Francisco,True,normal,951,9,16,Danielle Morales,high,True,c825ef4c,Ubuntu 22.04,1.5
EMP00539,Lori Oconnell,jamiewilkinson@example.com,Marketing,SEO Specialist,Sydney,True,normal,1153,9,20,Jill Campbell,medium,False,878e78f9,Ubuntu 22.04,0.7
EMP00540,Stephen Jackson,tinaolsen@example.com,Engineering,Tech Lead,Amsterdam,True,normal,119,8,17,Ashley Smith,low,True,3a71f4be,Ubuntu 22.04,1.5
EMP00541,David Mcdonald,ywilson@example.com,IT,Helpdesk Tech,New York,False,normal,1370,6,16,Deanna Clark,critical,False,94751464,Ubuntu 22.04,1.4
EMP00542,Jeffrey Schmidt,kim67@example.org,Finance,Financial Analyst,Singapore,False,normal,69,8,19,Kelly Cruz,medium,False,aa3ba9f7,Ubuntu 22.04,1.3
EMP00543,Suzanne Burns,pdyer@example.net,Engineering,DevOps Engineer,San Francisco,False,normal,1022,10,20,Charles Lara,low,True,c0fabde5,Ubuntu 22.04,1.5
EMP00544,Brandon Kirk,ronald11@example.com,Finance,Financial Analyst,Sydney,False,normal,111,7,20,Dillon Maddox,high,True,e95be093,macOS Sonoma,1.3
EMP00545,Jason Hayes,charlespace@example.org,Finance,CFO,New York,False,normal,1431,8,18,Briana Reeves,high,True,255c5821,Ubuntu 22.04,1.3
EMP00546,Elizabeth Young,fhiggins@example.org,Sales,SDR,New York,True,normal,822,6,20,Victoria Williams,high,True,569c462d,macOS Sonoma,0.8
EMP00547,Johnny Wiley,anthonymcdonald@example.net,Engineering,Software Engineer,London,False,normal,1524,9,20,Amanda Warner,medium,True,a2fdb239,Ubuntu 22.04,1.5
EMP00548,Tanya Roy,bjones@example.com,Finance,CFO,Berlin,True,normal,949,10,17,Alice Bowman,medium,False,34448406,Ubuntu 22.04,1.3
EMP00549,Amanda Moran,tommyjackson@example.org,HR,HR Coordinator,Tokyo,False,normal,662,10,17,Rebecca Rodriguez,critical,False,b38e18f4,Windows 11,1.0
EMP00550,Amanda Salazar,amandacollins@example.com,Operations,Operations Manager,Amsterdam,False,malicious,680,6,20,Hannah Sutton,low,True,e9186a53,Windows 11,0.9
EMP00551,Christopher Rose,danny22@example.net,HR,Recruiter,Singapore,False,normal,872,8,19,Dennis Chan,high,True,60cf38e1,Windows 11,1.0
EMP00552,Lisa Benson,brownnathan@example.net,Operations,Operations Manager,London,True,normal,1591,10,20,Kurt Mcmahon,high,False,6be34d82,Ubuntu 22.04,0.9
EMP00553,Heather Harrington,rstewart@example.org,HR,HR Coordinator,Tokyo,True,normal,1437,6,18,Paul Christensen,low,False,45d1d230,macOS Sonoma,1.0
EMP00554,Lisa Richardson,steven92@example.net,HR,Recruiter,Amsterdam,True,normal,1488,8,17,John Phelps,critical,True,91b09bd0,Windows 11,1.0
EMP00555,Marcus Rodriguez,lawrencekyle@example.org,Operations,Operations Manager,Tokyo,True,normal,866,6,18,Donna Smith,critical,True,641a71ab,Ubuntu 22.04,0.9
EMP00556,Emily Padilla,margaretmoon@example.net,Marketing,Marketing Lead,Tokyo,False,normal,392,9,20,Natasha Ramirez,critical,False,626b5ded,macOS Sonoma,0.7
EMP00557,Deborah Robinson,mossfred@example.org,Engineering,QA Engineer,Austin,False,normal,1619,6,20,April Moran,critical,False,fd441b94,macOS Sonoma,1.5
EMP00558,Carla Chan,samanthajones@example.net,Engineering,Tech Lead,Amsterdam,False,normal,1128,10,16,Daniel Allen,low,True,22d45b57,Windows 11,1.5
EMP00559,Tanya Martinez,ashleyhendrix@example.org,Legal,Paralegal,Tokyo,False,normal,1131,9,16,Laura Simpson,critical,True,e3ff9d68,Ubuntu 22.04,1.2
EMP00560,Cynthia Wright,larry15@example.net,Finance,CFO,Tokyo,False,normal,930,9,18,Bradley Bennett,high,True,ef6e4767,macOS Sonoma,1.3
EMP00561,Cody Nunez,ryan85@example.net,Legal,Paralegal,New York,True,normal,1088,7,19,Joshua Lane,critical,True,d20000f6,Ubuntu 22.04,1.2
EMP00562,Scott Johnson,mark75@example.com,Engineering,Tech Lead,Amsterdam,True,normal,307,9,19,Amanda Scott,high,True,bb29d274,Windows 11,1.5
EMP00563,Erica Lopez,sherrymoore@example.com,Engineering,QA Engineer,Tokyo,False,normal,214,8,18,Ashley James,medium,False,12230b53,Windows 11,1.5
EMP00564,Matthew Smith,wyattmunoz@example.net,Engineering,DevOps Engineer,Toronto,True,normal,204,10,19,Danielle Morales,medium,True,03abd710,macOS Sonoma,1.5
EMP00565,David Wheeler,woodsemily@example.net,Sales,SDR,London,True,normal,1188,7,17,Keith Jones,medium,True,7ad9190e,Ubuntu 22.04,0.8
EMP00566,Christopher Powers,ksanchez@example.net,HR,Recruiter,Berlin,True,malicious,1525,9,18,Jason Sanchez,medium,True,09f44651,Windows 11,1.0
EMP00567,Diana Parker,matthewchan@example.org,Sales,SDR,New York,False,normal,55,9,19,Cory Rodriguez,critical,True,1d97ccc1,Windows 11,0.8
EMP00568,Martha Kelly,lisaroth@example.com,Marketing,Content Strategist,Toronto,False,normal,474,10,19,Claudia Mills,critical,True,bb6121d5,Windows 11,0.7
EMP00569,Holly Mcconnell,kscott@example.net,IT,Network Engineer,New York,False,normal,1150,8,20,Jessica French,medium,True,0662e2ff,Windows 11,1.4
EMP00570,Emily Kramer,goldensandra@example.org,Sales,Account Executive,Singapore,True,normal,327,6,20,Aaron Alexander,high,True,f6808c87,Windows 11,0.8
EMP00571,Johnny Smith,adamgonzalez@example.com,Marketing,Content Strategist,Austin,True,normal,360,8,20,Anita Hull,medium,False,3cc5d2c0,Ubuntu 22.04,0.7
EMP00572,Denise Mcdonald,scottbryan@example.com,Operations,Operations Manager,New York,False,normal,1603,8,18,Sara Keller,high,False,077a09e0,Windows 11,0.9
EMP00573,Catherine Mcbride,oneillamy@example.org,Sales,Account Executive,Sydney,False,malicious,629,9,17,Stephanie Becker,low,False,fd7bfed8,macOS Sonoma,0.8
EMP00574,Steven Gonzalez,sara21@example.net,Finance,Accountant,Austin,False,normal,1455,7,20,Brianna White,low,True,b9347444,Ubuntu 22.04,1.3
EMP00575,Kathleen Morales,paul86@example.org,Operations,Operations Manager,Sydney,False,normal,1020,10,18,Dennis Salazar,critical,False,136603d9,macOS Sonoma,0.9
EMP00576,Roberta Lawson,deanna49@example.org,IT,Security Analyst,Amsterdam,True,normal,295,10,20,Maxwell Barnes,critical,True,ccb6c16f,Ubuntu 22.04,1.4
EMP00577,Keith Smith,wrightclayton@example.com,Engineering,Tech Lead,London,False,normal,506,8,17,Julie Hunt,low,True,da78a1f2,macOS Sonoma,1.5
EMP00578,Natasha Medina MD,iguzman@example.com,IT,Network Engineer,San Francisco,False,normal,1667,10,19,Nancy Lowery,critical,True,b074ba4c,macOS Sonoma,1.4
EMP00579,Michael Hernandez,jeremycameron@example.net,Marketing,Marketing Lead,Tokyo,False,normal,1341,7,18,Kathleen Ford,high,False,5475a66d,macOS Sonoma,0.7
EMP00580,Taylor Webb,jamespowell@example.net,Sales,SDR,Sydney,False,normal,1600,6,16,Jesse Jenkins,high,True,90160233,Ubuntu 22.04,0.8
EMP00581,Gloria Johnson,jreeves@example.org,Marketing,Content Strategist,New York,False,malicious,427,8,18,Craig Brown,critical,False,34cb24d9,Windows 11,0.7
EMP00582,Shane Arellano,daniellecortez@example.com,IT,Network Engineer,Toronto,False,normal,1314,9,20,Scott Sampson,high,True,330fb5e8,macOS Sonoma,1.4
EMP00583,Juan Hall,gmoses@example.com,Marketing,SEO Specialist,New York,False,normal,1187,8,20,Mark Escobar,low,True,fb0c105e,Ubuntu 22.04,0.7
EMP00584,George Ward,patricia38@example.org,Sales,Account Executive,Singapore,False,normal,335,8,16,Molly Ross,high,False,fbb899fa,Ubuntu 22.04,0.8
EMP00585,Justin Mckenzie,wrightamy@example.org,Finance,Payroll Specialist,London,False,normal,413,10,16,Keith Porter,high,False,f4dbf137,macOS Sonoma,1.3
EMP00586,Robin Turner,oyoung@example.com,Engineering,QA Engineer,Berlin,False,normal,207,9,17,Destiny Kaiser,high,True,06dc54e4,macOS Sonoma,1.5
EMP00587,Brenda Vargas,rmccullough@example.com,Engineering,Data Scientist,Berlin,True,normal,259,8,16,Robert Johnson,medium,False,0b2b3160,macOS Sonoma,1.5
EMP00588,Tina Woods,jacksonanthony@example.net,Engineering,Tech Lead,Toronto,False,normal,345,7,18,Eric Andrews,critical,False,bffc4124,Ubuntu 22.04,1.5
EMP00589,Jennifer Nelson,richardsonjames@example.org,Engineering,Data Scientist,Singapore,False,normal,1605,6,20,Hannah Bonilla,medium,True,4d1a91c8,Windows 11,1.5
EMP00590,Cynthia Lopez,debrawood@example.net,Engineering,Software Engineer,Sydney,False,normal,38,8,16,Stephen Nunez,low,True,82c8ba3d,Windows 11,1.5
EMP00591,Christopher Liu,sjones@example.net,Engineering,Software Engineer,Berlin,True,normal,1212,8,17,Amanda Martin,high,True,3ef244df,macOS Sonoma,1.5
EMP00592,Johnny Gray DVM,courtney82@example.com,Finance,Payroll Specialist,Singapore,True,normal,1404,6,18,Jessica Carroll,medium,True,a2274d62,Windows 11,1.3
EMP00593,Francisco Haynes,kimberly30@example.net,Engineering,Tech Lead,Amsterdam,True,normal,1082,6,17,Nicholas Blevins,high,True,c41e27b3,macOS Sonoma,1.5
EMP00594,Kaitlyn Scott,ejackson@example.com,Sales,Sales Manager,Berlin,True,normal,380,6,18,Ronald Foster,high,True,8a4c8c35,Windows 11,0.8
EMP00595,John Palmer,williamsscott@example.org,Operations,Facilities Manager,Toronto,True,normal,133,6,19,Martin Ramos,low,True,0479274b,macOS Sonoma,0.9
EMP00596,Stephanie Harrison DDS,sjones@example.net,Marketing,Brand Manager,Amsterdam,True,normal,1292,8,18,Brian Yang,high,False,4a8f777e,Ubuntu 22.04,0.7
EMP00597,Gary Franco,newtongregory@example.org,Finance,Financial Analyst,Sydney,False,normal,1577,9,20,Cody Whitney,medium,True,87bba156,Ubuntu 22.04,1.3
EMP00598,Sean Ray,tiffany57@example.net,Engineering,DevOps Engineer,Toronto,False,normal,1431,9,19,Mr. John Lane,medium,False,12389d09,Windows 11,1.5
EMP00599,Brian Young,courtneybrandt@example.net,Engineering,DevOps Engineer,Amsterdam,False,normal,774,9,17,Michelle Ray,high,False,49dec30c,macOS Sonoma,1.5
EMP00600,Michael Rodriguez,michael68@example.net,Engineering,Software Engineer,New York,False,normal,1003,6,18,Douglas Norman,critical,True,17d74140,Windows 11,1.5
EMP00601,Carla Davis,ronniewilson@example.net,Engineering,Tech Lead,Singapore,True,normal,1206,7,20,Tabitha Fuentes,low,True,45fa53f4,Ubuntu 22.04,1.5
EMP00602,Tiffany Franklin,dwhite@example.net,Sales,Account Executive,Singapore,False,normal,1652,8,20,Alison Arroyo,critical,True,0356ed7f,macOS Sonoma,0.8
EMP00603,Jessica Norton,walkerteresa@example.org,Engineering,Tech Lead,Tokyo,True,normal,355,9,19,Jennifer Duncan,low,True,c31e5378,Ubuntu 22.04,1.5
EMP00604,James Wright,lauriebrewer@example.com,Engineering,Tech Lead,Austin,False,malicious,1642,8,20,Adam Hancock,medium,True,72cb91b7,Ubuntu 22.04,1.5
EMP00605,Michele Duffy,mccannjonathon@example.org,Engineering,QA Engineer,Amsterdam,True,normal,264,10,20,Timothy Smith,critical,True,f50383d9,Windows 11,1.5
EMP00606,John Ramirez,fischercharles@example.org,Marketing,SEO Specialist,London,False,normal,861,6,20,Victoria Tucker,low,False,fc82147d,Ubuntu 22.04,0.7
EMP00607,Alec Robbins,harrisdaniel@example.org,Engineering,DevOps Engineer,Austin,False,normal,1042,6,16,Paula Perry,medium,False,a1416391,Ubuntu 22.04,1.5
EMP00608,Jamie Campbell,ipatterson@example.com,Sales,Sales Manager,New York,False,normal,1383,7,19,Charles Perry,high,True,f7e14640,Ubuntu 22.04,0.8
EMP00609,Michael Barton,margaret11@example.org,Marketing,SEO Specialist,Tokyo,False,normal,643,10,18,Kiara Gallagher,critical,False,3176c1d9,macOS Sonoma,0.7
EMP00610,Marie Hudson,jamesbarber@example.com,Finance,Financial Analyst,Amsterdam,False,normal,1282,10,19,Wesley Cannon,medium,False,8d86bdcf,Windows 11,1.3
EMP00611,Karen Davidson,darrylmyers@example.org,Engineering,Software Engineer,Sydney,False,normal,31,10,18,Gregory Rodriguez,low,False,249e00be,Windows 11,1.5
EMP00612,Christine Norton,mgarrison@example.net,Operations,Logistics Coordinator,Amsterdam,True,normal,1310,8,19,Cory Smith,critical,True,7e184de1,Ubuntu 22.04,0.9
EMP00613,Vanessa Brown,kenneth16@example.com,Finance,Payroll Specialist,London,True,normal,314,7,20,Brian Cunningham,critical,False,c52ce92b,macOS Sonoma,1.3
EMP00614,Brooke Johnson,robert41@example.com,Engineering,DevOps Engineer,London,False,normal,1817,7,17,Roger Jennings,low,True,4ae1b49a,Windows 11,1.5
EMP00615,Christine Carey,iwilson@example.net,Operations,Facilities Manager,Toronto,True,normal,924,7,16,William Williams,medium,False,860925a9,macOS Sonoma,0.9
EMP00616,Regina Johnson,williamspatricia@example.net,IT,Helpdesk Tech,Amsterdam,False,normal,1306,7,19,Matthew Hoffman PhD,critical,True,5567d3dc,macOS Sonoma,1.4
EMP00617,Terry Davis,pbates@example.org,Engineering,Data Scientist,Tokyo,False,normal,899,10,16,Matthew Beard,critical,False,eae12636,Windows 11,1.5
EMP00618,Tanner Cervantes,ianderson@example.net,Sales,Account Manager,Berlin,False,malicious,1148,10,18,Adam Graham,low,False,9f9d71e3,Ubuntu 22.04,0.8
EMP00619,Matthew Thompson,collinswanson@example.com,Operations,Operations Manager,Singapore,False,normal,1218,9,16,Andrea Schmitt,medium,False,48fba3df,Ubuntu 22.04,0.9
EMP00620,Gregory Lewis,matthew70@example.org,Legal,Compliance Officer,Berlin,False,normal,1088,6,20,Jason Zamora,low,True,365e67cd,Ubuntu 22.04,1.2
EMP00621,Rebecca Morton,patricia82@example.org,Engineering,Tech Lead,San Francisco,False,normal,1664,10,18,Madison Alexander,low,False,14d90f32,Ubuntu 22.04,1.5
EMP00622,Evan Flores,moorekevin@example.com,Engineering,QA Engineer,Toronto,False,normal,1079,9,20,Ashley Miller,high,True,87fb7ab3,macOS Sonoma,1.5
EMP00623,Cody Peters,sheri99@example.com,Sales,SDR,New York,True,normal,1518,10,18,Mark Miller,low,False,6f0f5cb1,Ubuntu 22.04,0.8
EMP00624,Katherine Nunez,vargasstephanie@example.com,Marketing,SEO Specialist,New York,True,normal,1686,10,16,Edward Roberts,high,True,b756c16c,Windows 11,0.7
EMP00625,Christopher Graves,jessicapeters@example.net,Finance,CFO,Berlin,False,normal,301,10,18,John Bell,high,False,4f12fe62,Windows 11,1.3
EMP00626,Ivan Hall,fmiller@example.com,Sales,Sales Manager,Amsterdam,False,normal,1241,7,19,Edward Crosby,high,False,36c78e2e,macOS Sonoma,0.8
EMP00627,Derek Carter,rodriguezkenneth@example.org,Marketing,Brand Manager,Tokyo,False,normal,400,10,16,Jennifer Moore,high,False,ef92e8a8,Windows 11,0.7
EMP00628,Jeffery Romero,jared73@example.net,Legal,Compliance Officer,London,False,normal,1571,9,19,Tracy Romero,medium,False,cf77ad94,Ubuntu 22.04,1.2
EMP00629,Ronnie Roberts MD,zholloway@example.net,Engineering,Tech Lead,Tokyo,False,normal,1533,8,16,Cassandra Casey,high,False,13efd1a5,Windows 11,1.5
EMP00630,Douglas Davis,shepardchristian@example.net,Sales,Account Manager,Toronto,True,normal,1005,8,19,Heather Hernandez,medium,True,58f3542b,Ubuntu 22.04,0.8
EMP00631,Kimberly Martinez,karen13@example.org,Legal,Legal Counsel,Berlin,False,normal,1116,9,16,Susan Reyes,high,False,14acd5c4,macOS Sonoma,1.2
EMP00632,Rachel Berger,woodrenee@example.org,Operations,Facilities Manager,Singapore,False,normal,1428,6,16,Victoria Williams,high,False,845de258,macOS Sonoma,0.9
EMP00633,James Olson,njackson@example.org,Marketing,SEO Specialist,Berlin,False,normal,583,8,16,John Clark,high,False,87a8dc09,macOS Sonoma,0.7
EMP00634,Shannon Jones,david88@example.net,HR,HR Business Partner,Tokyo,False,normal,1406,10,17,Laura James,high,False,117b1cca,Windows 11,1.0
EMP00635,Henry Gay,fordjacob@example.net,Engineering,Software Engineer,New York,False,normal,1733,6,16,Nicole Murphy,critical,True,47a397b2,Windows 11,1.5
EMP00636,James Miller,moyereileen@example.org,Marketing,Content Strategist,Singapore,False,normal,1515,8,18,Autumn Simmons,medium,True,14932756,Ubuntu 22.04,0.7
EMP00637,Adam Miller,daniel93@example.org,HR,HR Business Partner,Amsterdam,True,normal,1741,7,20,Lisa Bailey,low,False,e9786b59,Windows 11,1.0
EMP00638,Gina Morales,mary06@example.com,Engineering,Data Scientist,Amsterdam,True,normal,799,10,17,Vanessa Hanson,low,False,4bb82ea2,macOS Sonoma,1.5
EMP00639,William Mckinney,ulambert@example.com,Sales,Account Manager,San Francisco,True,normal,596,9,18,Dr. Brian Yates,high,True,edd8087c,Windows 11,0.8
EMP00640,Terrance Olson,amandale@example.net,Sales,Account Manager,New York,True,normal,825,8,16,Patricia Baker,high,False,31cdca94,macOS Sonoma,0.8
EMP00641,Daniel Wang,watkinstaylor@example.com,Engineering,QA Engineer,San Francisco,True,normal,440,10,19,Eric Barrett,medium,False,f1ab0de9,Windows 11,1.5
EMP00642,Lisa Cooper,davidmarshall@example.net,Sales,Sales Manager,Austin,True,normal,1287,6,19,Todd Sandoval,high,True,995a6516,Windows 11,0.8
EMP00643,Amber Castillo,juliemeza@example.org,Engineering,QA Engineer,Berlin,True,normal,68,9,17,Amanda Larsen,low,False,52acb2e1,Ubuntu 22.04,1.5
EMP00644,Kimberly Henderson,griffithjoseph@example.net,Sales,SDR,London,False,normal,831,10,16,Elaine King,critical,True,74e6d689,macOS Sonoma,0.8
EMP00645,Joshua Diaz,martinezchristopher@example.org,Engineering,Tech Lead,San Francisco,False,normal,492,6,19,Dr. Tara Gonzalez,critical,True,226f34ca,Ubuntu 22.04,1.5
EMP00646,Richard Powell,bradleybarnes@example.org,Operations,Logistics Coordinator,Singapore,False,normal,1426,8,19,Victor Hobbs,low,False,dc18a556,Ubuntu 22.04,0.9
EMP00647,Gary Gallagher,cjacobson@example.com,HR,Recruiter,Sydney,True,normal,194,9,18,David Carlson,medium,True,873cda3e,Windows 11,1.0
EMP00648,Faith Nguyen,wilsonveronica@example.org,Finance,CFO,Tokyo,False,normal,1455,9,16,Patrick Lucas,high,True,f78363a7,Ubuntu 22.04,1.3
EMP00649,Shannon Zuniga,sherri42@example.com,Operations,Operations Manager,Tokyo,False,normal,103,7,16,John Campbell,medium,True,9c01fbc1,Windows 11,0.9
EMP00650,Misty Cabrera,whoward@example.com,Marketing,Brand Manager,Berlin,False,normal,1123,9,16,Kevin Williams,low,True,ee4a8ea5,macOS Sonoma,0.7
EMP00651,Sierra Mccann,flin@example.org,Engineering,QA Engineer,New York,False,normal,272,7,20,Jennifer Hines,critical,False,3375539c,Ubuntu 22.04,1.5
EMP00652,Kristina Young,traceylee@example.com,HR,HR Coordinator,Amsterdam,True,normal,177,6,17,Karina Dougherty,critical,False,69dce811,macOS Sonoma,1.0
EMP00653,Megan Morse,johnsontrevor@example.com,HR,HR Coordinator,Amsterdam,False,normal,527,7,16,Eric York,medium,False,51870912,macOS Sonoma,1.0
EMP00654,Heather Graham,lindseyguzman@example.org,Legal,Compliance Officer,San Francisco,False,normal,1281,7,20,Daniel Yoder,low,False,ab037c4b,Windows 11,1.2
EMP00655,Vanessa Ballard,pnolan@example.net,Marketing,Content Strategist,Amsterdam,True,normal,159,7,19,Ryan Knox,high,False,0055d684,Ubuntu 22.04,0.7
EMP00656,Alex Jones,carsonsandra@example.com,Engineering,Software Engineer,Singapore,False,malicious,1431,10,20,Tina Cain,medium,True,1b29d16a,Windows 11,1.5
EMP00657,Brandon Wilson,brittany80@example.net,Sales,Sales Manager,Amsterdam,False,normal,717,6,16,Brooke Walker,high,True,74344796,macOS Sonoma,0.8
EMP00658,Joan Sanchez,nmorgan@example.net,Sales,Sales Manager,Singapore,True,normal,928,7,20,Patricia Gonzales,low,True,d3ed5875,Ubuntu 22.04,0.8
EMP00659,Dr. Rebecca Lopez,scottsmith@example.org,Finance,Financial Analyst,London,False,normal,1027,6,16,Kyle Clark,low,True,c5e06fde,Windows 11,1.3
EMP00660,Travis Washington,jessicarobinson@example.com,HR,Recruiter,Amsterdam,False,normal,882,9,17,Jesse Lynch,medium,True,0f4c26b7,macOS Sonoma,1.0
EMP00661,Kaitlyn Campbell,wardsierra@example.org,Sales,Sales Manager,Austin,False,normal,387,10,16,Brandon Vega,medium,False,3b45328f,Ubuntu 22.04,0.8
EMP00662,Robert Boyd,angelafitzgerald@example.com,IT,Security Analyst,Berlin,False,normal,887,6,20,Jeremy Johnson,medium,True,f1df49f1,Ubuntu 22.04,1.4
EMP00663,Margaret Snow,ashleydavis@example.com,Finance,CFO,Amsterdam,False,normal,1796,10,20,Perry Diaz,medium,True,d7f9ab63,Ubuntu 22.04,1.3
EMP00664,John Rios,blackburnhelen@example.com,Engineering,Software Engineer,Berlin,False,normal,426,6,17,Emily Sherman,critical,True,05bf4290,Windows 11,1.5
EMP00665,Melissa Mathews,matthewbond@example.net,Engineering,Software Engineer,New York,False,normal,1350,8,18,Sheila Burns,medium,True,a8dd29aa,macOS Sonoma,1.5
EMP00666,Cory Braun,sandraesparza@example.com,Engineering,Software Engineer,Toronto,False,normal,243,6,20,Mrs. Kristina Jimenez,medium,True,b3e25f20,Windows 11,1.5
EMP00667,David Mccoy,taylortodd@example.org,Engineering,Software Engineer,San Francisco,False,normal,511,9,20,James English,high,True,524ee64a,Ubuntu 22.04,1.5
EMP00668,Jacob Simpson,juliebarnett@example.com,Engineering,Data Scientist,Singapore,False,normal,1625,6,18,Adriana Fleming,medium,True,0b901e1c,Ubuntu 22.04,1.5
EMP00669,Ashley Johnson,melindagarcia@example.org,Engineering,QA Engineer,Tokyo,False,malicious,481,6,19,Ashley Miller,critical,True,304d2dae,macOS Sonoma,1.5
EMP00670,Terry Rivers,ethan68@example.com,Sales,Account Manager,Amsterdam,True,normal,394,9,18,Craig Cox,medium,True,71701218,Windows 11,0.8
EMP00671,Timothy Gilbert,robert73@example.org,Engineering,Data Scientist,Berlin,False,normal,717,7,16,Diane Weeks,low,True,803d7c39,Windows 11,1.5
EMP00672,Mary Hanna,amy75@example.net,Operations,Logistics Coordinator,Toronto,False,normal,380,8,17,Jessica Lowe,high,False,ac2453ba,Ubuntu 22.04,0.9
EMP00673,Melissa Odonnell,nathaniel25@example.org,Engineering,Tech Lead,London,False,normal,1162,7,16,Nicole Miller,critical,False,d5d8d606,macOS Sonoma,1.5
EMP00674,Glenda Benjamin,robertday@example.org,HR,HR Business Partner,Tokyo,False,malicious,999,9,18,Mrs. Jennifer Guerrero,low,False,3a8a6f5c,Ubuntu 22.04,1.0
EMP00675,Daniel Harris,chad18@example.net,Marketing,SEO Specialist,Tokyo,False,normal,919,10,17,Steven Hall,medium,False,9ad363f3,Windows 11,0.7
EMP00676,Crystal Shaw,glennsusan@example.org,IT,IT Administrator,New York,False,normal,993,10,16,James Daniels,critical,True,1b3b11a9,macOS Sonoma,1.4
EMP00677,Jacob Smith,emilypearson@example.com,Engineering,QA Engineer,San Francisco,False,normal,1044,7,16,Aaron Moore,low,False,b1495f3c,macOS Sonoma,1.5
EMP00678,Christopher Harrison,anthonyrobbins@example.net,Sales,SDR,London,False,normal,635,7,16,Adam Taylor,low,True,71fd1a11,macOS Sonoma,0.8
EMP00679,Gloria Lynch,rdavis@example.net,IT,IT Administrator,Toronto,True,normal,961,9,17,Larry Fisher,critical,True,33273092,macOS Sonoma,1.4
EMP00680,Christopher Bauer,djones@example.org,Operations,Facilities Manager,New York,False,normal,174,9,18,Mary Mullen,low,True,b7967fc6,macOS Sonoma,0.9
EMP00681,Joshua Zimmerman,misty22@example.org,Operations,Facilities Manager,Amsterdam,False,normal,1208,7,16,Taylor Williams,high,False,76fc5b26,Windows 11,0.9
EMP00682,Christopher Beck,michellemoreno@example.org,Sales,Account Executive,Singapore,False,normal,257,9,18,Olivia Garcia,critical,False,33a8d173,macOS Sonoma,0.8
EMP00683,Brady Taylor,wgray@example.com,Engineering,Software Engineer,Sydney,False,normal,1178,7,17,Rick Black,high,True,a12a21a7,Windows 11,1.5
EMP00684,Aaron Smith,henryshields@example.com,Finance,Accountant,Amsterdam,False,malicious,1572,7,18,Kimberly Villa,high,False,051360b2,Ubuntu 22.04,1.3
EMP00685,Emily Stein,hperez@example.net,IT,IT Administrator,Berlin,False,normal,159,8,18,Lawrence Casey,critical,True,b76f50b0,Ubuntu 22.04,1.4
EMP00686,Danielle Scott,sarahsmith@example.org,HR,HR Business Partner,Toronto,False,normal,1119,10,18,Heather Wilson,critical,False,c7da9f16,Ubuntu 22.04,1.0
EMP00687,Brian Williams,mauricesalinas@example.net,HR,HR Coordinator,San Francisco,False,normal,967,6,16,Krystal Webster,critical,False,902be4fa,macOS Sonoma,1.0
EMP00688,Angela Zimmerman,kreid@example.net,Sales,Account Executive,San Francisco,False,normal,367,8,16,Sarah Holloway,medium,True,f7c6ff08,Windows 11,0.8
EMP00689,Kelly Rodriguez,rbuckley@example.com,Legal,Compliance Officer,New York,False,normal,883,10,17,April Jackson,critical,True,81ef0b8c,macOS Sonoma,1.2
EMP00690,Megan Perez,ahernandez@example.net,Engineering,DevOps Engineer,New York,False,normal,417,6,16,Katherine Howell,medium,False,c12d02f4,Ubuntu 22.04,1.5
EMP00691,Kristen Perry,gnewton@example.net,Sales,SDR,Austin,False,normal,1372,8,19,Allen Blankenship,critical,True,9e6e55d0,Ubuntu 22.04,0.8
EMP00692,Beth Thomas,jessica07@example.org,Marketing,Content Strategist,Berlin,True,normal,1646,8,17,John Richards,critical,True,b22bfbb9,macOS Sonoma,0.7
EMP00693,Elizabeth Villanueva,brownmichael@example.net,Marketing,Content Strategist,New York,False,normal,753,8,19,Dennis Gay,medium,False,1495be43,Windows 11,0.7
EMP00694,Mitchell Hartman,welchdiane@example.org,Engineering,Data Scientist,Berlin,False,normal,389,7,17,Mary Page,medium,True,9792733f,macOS Sonoma,1.5
EMP00695,Samantha Bowen,ulopez@example.org,Engineering,DevOps Engineer,Toronto,False,normal,787,7,17,James Howard,low,False,0f28717d,macOS Sonoma,1.5
EMP00696,Antonio Bennett,laurenweaver@example.net,Finance,Accountant,Toronto,True,normal,1122,8,16,Charles Briggs,low,True,10707c54,macOS Sonoma,1.3
EMP00697,Timothy Bowen,ograham@example.com,Sales,SDR,Toronto,False,normal,349,6,20,Steve Smith,high,False,8da5111d,macOS Sonoma,0.8
EMP00698,Spencer Weaver,ldickson@example.net,HR,HR Business Partner,Berlin,False,normal,1395,7,20,Christopher Bell,critical,True,b5dcd060,Windows 11,1.0
EMP00699,Sabrina Adams,erin83@example.org,Engineering,Data Scientist,New York,False,normal,1418,10,16,Matthew Smith,high,True,28867e58,Ubuntu 22.04,1.5
EMP00700,Angela Spears,matthewwilkinson@example.com,Marketing,SEO Specialist,Toronto,False,normal,219,8,16,Amy Perry,medium,True,697b3871,Windows 11,0.7
EMP00701,Gina Dixon,hintoncassandra@example.net,HR,HR Coordinator,Berlin,False,normal,76,6,20,Amy Good,critical,False,fdc9b2d1,Windows 11,1.0
EMP00702,Mark Curry,swilliams@example.org,Engineering,Data Scientist,Austin,False,normal,1034,8,20,Monica Cooper,low,False,9fd75350,macOS Sonoma,1.5
EMP00703,Matthew Murphy,stephen51@example.org,Sales,SDR,Austin,False,normal,820,8,16,Kimberly Farley,high,True,3375cd76,macOS Sonoma,0.8
EMP00704,Daniel Thomas,tgarrett@example.net,Engineering,Software Engineer,Sydney,False,normal,471,9,19,James Armstrong,critical,True,f14f710b,Ubuntu 22.04,1.5
EMP00705,Stuart Morgan,caitlinvelasquez@example.com,Engineering,QA Engineer,Austin,False,normal,315,10,20,Rita Horton,low,True,2cd4a840,macOS Sonoma,1.5
EMP00706,Stephanie Paul,lisa49@example.org,IT,Security Analyst,Sydney,False,normal,165,10,19,Jennifer Haynes,low,True,89c6ed93,Ubuntu 22.04,1.4
EMP00707,Luke Manning,gerald60@example.com,Sales,Sales Manager,Austin,False,normal,1168,9,20,Sylvia Walker,medium,True,8331f9f2,macOS Sonoma,0.8
EMP00708,Jacob Riggs DDS,colekevin@example.net,Operations,Operations Manager,Toronto,True,normal,1715,8,20,Jessica Moore,high,True,6e854325,Ubuntu 22.04,0.9
EMP00709,Karen Ramos,wellsamy@example.net,Sales,Account Executive,New York,False,normal,345,8,18,Michael Lara,critical,True,668388e8,Ubuntu 22.04,0.8
EMP00710,Gregory Mcgee,courtney27@example.org,Finance,Accountant,Austin,False,normal,1037,7,16,Monica Frost,low,False,d3555594,macOS Sonoma,1.3
EMP00711,Barbara Wolf,marksjessica@example.org,Legal,Paralegal,San Francisco,False,normal,1556,8,20,Suzanne Brown,critical,True,050fbeec,macOS Sonoma,1.2
EMP00712,Gary Moore,fullerkimberly@example.com,HR,HR Business Partner,Toronto,False,normal,1705,6,18,Jeremiah Poole,low,False,6894ee4a,Windows 11,1.0
EMP00713,John Carroll,chaas@example.org,Marketing,SEO Specialist,London,False,normal,974,7,18,Natasha Miller,medium,True,83345f30,macOS Sonoma,0.7
EMP00714,April Elliott,johnsoncharles@example.net,Marketing,Marketing Lead,Singapore,False,normal,623,8,20,Erika Patterson,low,True,3037b3ea,Ubuntu 22.04,0.7
EMP00715,Alexandra Young,murphymonica@example.net,Sales,Sales Manager,San Francisco,True,normal,1143,8,18,Jennifer Wilson,high,True,57d032bf,Ubuntu 22.04,0.8
EMP00716,Nathaniel Haynes,wallison@example.com,IT,Security Analyst,San Francisco,False,normal,1716,7,16,Zachary Blackburn,medium,True,ab7e5523,macOS Sonoma,1.4
EMP00717,Barbara Roberts,wrightmelissa@example.org,Operations,Logistics Coordinator,Austin,False,normal,363,6,17,Holly Harris,medium,True,bd999da2,Windows 11,0.9
EMP00718,Gloria Anderson,kingsean@example.org,IT,IT Administrator,Sydney,False,normal,884,9,16,Sonia Gonzales,low,False,1d172f17,Windows 11,1.4
EMP00719,Bailey Lutz,smartinez@example.org,Engineering,DevOps Engineer,Berlin,False,normal,314,9,20,Steven Smith,high,True,8ac17329,macOS Sonoma,1.5
EMP00720,Melissa Anderson,victorayers@example.net,Legal,Legal Counsel,San Francisco,True,normal,293,7,17,Isaiah Miller,high,True,c8c269f3,Windows 11,1.2
EMP00721,Michael Sutton,smithgwendolyn@example.org,IT,IT Administrator,Austin,False,normal,189,6,19,Vanessa Benjamin,critical,True,0640ba5e,Windows 11,1.4
EMP00722,Jeremy Lee,kwilliams@example.net,Engineering,Tech Lead,Sydney,True,normal,151,9,16,Eric Fisher,high,True,409711cc,macOS Sonoma,1.5
EMP00723,Amanda Booth,scott85@example.org,Engineering,Software Engineer,San Francisco,False,normal,1262,7,20,Alexander Bailey,medium,True,a59957dd,macOS Sonoma,1.5
EMP00724,Jerry Tran,fpoole@example.org,Legal,Paralegal,London,True,normal,598,10,18,Adrienne Whitney,high,True,03a35824,Ubuntu 22.04,1.2
EMP00725,Jimmy Morris,tina53@example.org,HR,HR Coordinator,Amsterdam,False,normal,1064,10,16,Ryan Mcdonald,low,False,e3cc604f,Windows 11,1.0
EMP00726,James Khan,jonathan96@example.net,Operations,Logistics Coordinator,Tokyo,False,normal,381,10,16,Zachary Castillo MD,low,False,aa2f26dd,Ubuntu 22.04,0.9
EMP00727,Jack Parks,connorwarren@example.com,Engineering,DevOps Engineer,Toronto,False,normal,1459,10,17,Andrea Montgomery,critical,False,a5d1a738,Windows 11,1.5
EMP00728,Laura Lucas,jacksonpatrick@example.com,Operations,Logistics Coordinator,Singapore,True,normal,898,7,20,Nicole Conway,medium,True,18e303a3,macOS Sonoma,0.9
EMP00729,Hector Castaneda,kgraham@example.net,Engineering,Tech Lead,San Francisco,True,normal,308,9,18,Joe Taylor,high,True,ce6c6cd4,Windows 11,1.5
EMP00730,Sara Houston,zgarrett@example.net,Engineering,Software Engineer,Toronto,True,normal,818,8,19,Dustin Phillips,high,False,019281b0,macOS Sonoma,1.5
EMP00731,Brandon Gonzalez,osullivan@example.org,Engineering,DevOps Engineer,Austin,True,malicious,1781,9,17,Cassandra Garcia,low,False,e5f7bd1c,macOS Sonoma,1.5
EMP00732,Joseph Smith,smithjoshua@example.org,Operations,Operations Manager,Singapore,False,normal,56,9,16,Angela Atkins,critical,True,40622f4b,Ubuntu 22.04,0.9
EMP00733,Tom Ray,walljamie@example.net,Finance,Accountant,San Francisco,False,normal,838,9,20,Peter Bradley,low,False,b7fb06a6,Windows 11,1.3
EMP00734,Michael Parker,dhull@example.org,HR,Recruiter,Tokyo,True,normal,440,10,19,Andrew Martinez,low,True,87aafd8c,macOS Sonoma,1.0
EMP00735,Barry Rowe,sward@example.org,Sales,SDR,Berlin,False,normal,1578,9,18,Nicholas Ruiz,critical,False,46e533c2,macOS Sonoma,0.8
EMP00736,Jesse Miller,brian71@example.net,Operations,Logistics Coordinator,Sydney,False,normal,331,9,16,Logan Wood,low,True,a7782f90,macOS Sonoma,0.9
EMP00737,Laura Farmer,slarsen@example.org,Sales,Account Executive,London,True,normal,233,6,16,Nicole Aguilar,critical,False,c198d7d6,Windows 11,0.8
EMP00738,Colleen Martin,angelarichard@example.org,Operations,Operations Manager,Singapore,False,normal,650,10,20,Ashley Thomas,low,False,1c3b068f,Ubuntu 22.04,0.9
EMP00739,Timothy Miller,sestrada@example.net,Marketing,Brand Manager,Toronto,False,normal,443,8,19,Holly Clark,critical,True,30598a6c,Ubuntu 22.04,0.7
EMP00740,Charles Erickson,cheryl76@example.com,Sales,Account Executive,Sydney,False,normal,1594,6,19,Brianna Parsons,low,True,fb1b673e,macOS Sonoma,0.8
EMP00741,Shawna Griffin,xdavis@example.org,Marketing,Brand Manager,Toronto,False,normal,103,6,17,Victoria Williams,high,False,28dc5f77,Windows 11,0.7
EMP00742,Keith Lawrence,dstewart@example.org,Sales,SDR,London,False,normal,1495,9,19,Dustin Bowers,low,True,23e120f2,macOS Sonoma,0.8
EMP00743,Andrea Kelly,audreydavis@example.com,Legal,Paralegal,Sydney,False,normal,992,9,20,Richard Rodriguez,medium,True,aa3689f0,macOS Sonoma,1.2
EMP00744,Jason Caldwell,paige25@example.org,Marketing,Brand Manager,Amsterdam,True,normal,1293,8,18,Emily Sanchez,high,True,d799eb8a,Ubuntu 22.04,0.7
EMP00745,Donna Hawkins MD,potterangela@example.org,Engineering,DevOps Engineer,Singapore,True,normal,1687,10,16,Richard Hopkins,high,True,3fe0a41e,macOS Sonoma,1.5
EMP00746,Brittney Schmitt,sadams@example.org,Operations,Logistics Coordinator,Singapore,False,malicious,749,6,17,Traci Harris,medium,True,0f8753bb,macOS Sonoma,0.9
EMP00747,Michael Keller,danielbaker@example.org,Sales,SDR,San Francisco,False,normal,264,8,17,Bonnie Williams,low,True,b0a7d8da,Windows 11,0.8
EMP00748,James Booker,cardenasmitchell@example.com,HR,HR Business Partner,Austin,False,normal,1084,9,18,Dennis Donovan,low,False,0e6d5b6b,Ubuntu 22.04,1.0
EMP00749,Mary Riley,adriana68@example.org,IT,Helpdesk Tech,Singapore,True,normal,1198,9,18,Timothy Mitchell,low,False,f5897d02,Windows 11,1.4
EMP00750,Brian Sutton,jeffrey69@example.org,Finance,CFO,Tokyo,False,normal,1047,10,18,David Orozco,medium,False,0377626a,macOS Sonoma,1.3
EMP00751,Adam Richardson MD,josehahn@example.com,Engineering,QA Engineer,Tokyo,False,normal,1331,6,20,Jennifer Chavez,medium,True,8c6c9701,Windows 11,1.5
EMP00752,Karen Kirby,taylorjoshua@example.org,IT,Helpdesk Tech,Amsterdam,True,normal,1677,7,20,Nicholas Cortez,low,False,2ca36f03,Ubuntu 22.04,1.4
EMP00753,Alicia Patterson,jessicafuentes@example.com,Finance,CFO,Singapore,True,normal,167,10,20,Susan Chen,critical,True,b5a2c538,macOS Sonoma,1.3
EMP00754,Melanie Davis,john59@example.net,Sales,SDR,Berlin,False,normal,916,10,18,Sandra Ramirez,medium,True,af4f2554,macOS Sonoma,0.8
EMP00755,Jeffrey Jones,michellethomas@example.org,Engineering,Tech Lead,Toronto,False,normal,399,6,20,Anthony Dawson,medium,True,e2ac9551,Windows 11,1.5
EMP00756,Jennifer Adams,mblair@example.org,Operations,Logistics Coordinator,Toronto,False,normal,1336,10,20,Mary Rose,critical,False,9c122e5c,Ubuntu 22.04,0.9
EMP00757,Mackenzie Ross,albertbennett@example.org,Finance,Accountant,Sydney,False,normal,776,9,17,Jordan Robinson,medium,True,e43e0de5,Ubuntu 22.04,1.3
EMP00758,Melinda Hart MD,kristin37@example.com,HR,Recruiter,Austin,False,normal,682,6,17,Katie Cummings,critical,True,1c043573,macOS Sonoma,1.0
EMP00759,Jason Parker,cunninghamdavid@example.com,Operations,Facilities Manager,Berlin,False,normal,1261,7,19,Mr. Scott Pacheco Jr.,medium,True,6e6786e4,Windows 11,0.9
EMP00760,Michael Vasquez,melissa85@example.net,Operations,Logistics Coordinator,Berlin,True,normal,1024,10,19,John Goodwin,critical,False,75fef259,Windows 11,0.9
EMP00761,Courtney Herrera,pcunningham@example.org,Engineering,Data Scientist,Berlin,True,normal,89,8,18,Christine Mclean,medium,False,d16ad85a,Windows 11,1.5
EMP00762,John Lane,ecasey@example.com,Sales,Account Executive,Toronto,False,normal,143,6,18,Mary Jordan,high,False,42167df8,macOS Sonoma,0.8
EMP00763,Sarah Herrera,lowetheodore@example.com,Engineering,QA Engineer,San Francisco,False,normal,1749,7,17,John Bell,low,True,7c6dd29b,Ubuntu 22.04,1.5
EMP00764,Jeffrey Hodge,cooperrachel@example.org,Legal,Paralegal,Sydney,False,normal,1727,10,20,Mary Flores,high,True,ede6b592,Windows 11,1.2
EMP00765,Susan Wallace,dcastillo@example.org,Engineering,DevOps Engineer,San Francisco,True,normal,704,10,19,Michael Nguyen,medium,False,7e7d2507,Windows 11,1.5
EMP00766,Tony Rubio,dwebster@example.org,HR,HR Coordinator,London,True,normal,592,9,19,Robert Chambers,high,False,3bd8793a,Windows 11,1.0
EMP00767,Michelle Torres,julie76@example.org,Legal,Paralegal,Singapore,False,normal,261,8,20,Robert Solomon,critical,True,bc071b22,Windows 11,1.2
EMP00768,Jenna Clark,umiller@example.net,Operations,Logistics Coordinator,London,False,normal,1003,8,18,Kayla James,low,False,24b91dc0,Ubuntu 22.04,0.9
EMP00769,Terry Smith,michael04@example.net,Sales,Sales Manager,New York,True,normal,548,10,19,Natasha Jackson,high,False,9719b45b,Ubuntu 22.04,0.8
EMP00770,Jacob Gibbs,hjohnson@example.net,Operations,Facilities Manager,San Francisco,False,normal,1805,7,19,Joel Long,critical,True,24349336,macOS Sonoma,0.9
EMP00771,Gloria Walker,vbailey@example.org,Engineering,DevOps Engineer,Berlin,False,normal,214,7,18,Mckenzie Thompson,medium,False,dc31da3a,Windows 11,1.5
EMP00772,Emily Avila,matthew95@example.org,Operations,Facilities Manager,Singapore,False,normal,862,6,18,Jill Booker,low,False,fbc2584f,macOS Sonoma,0.9
EMP00773,Steven Levine,derekmartinez@example.org,Engineering,DevOps Engineer,Austin,False,normal,1499,9,16,Angela Walsh,medium,False,92da57bc,Ubuntu 22.04,1.5
EMP00774,Kenneth Smith,christina02@example.net,Sales,SDR,Austin,True,normal,958,6,16,Victoria Holmes,medium,False,dae7070a,Ubuntu 22.04,0.8
EMP00775,Judith Hall,franktraci@example.org,Operations,Operations Manager,Austin,True,normal,1316,8,18,Edward Johnson,low,True,6149c22d,Windows 11,0.9
EMP00776,Christopher Wood,danielleingram@example.com,Engineering,Tech Lead,London,False,normal,1434,9,18,Johnathan Taylor,critical,True,8fc87087,Ubuntu 22.04,1.5
EMP00777,Jennifer Evans,amypowell@example.net,Engineering,Tech Lead,London,True,normal,1723,8,18,Steven Porter,medium,True,6906056c,macOS Sonoma,1.5
EMP00778,Brittany Davenport,rroberts@example.org,Legal,Paralegal,Austin,True,normal,489,6,16,Andrew Horton,medium,False,d75342c2,macOS Sonoma,1.2
EMP00779,Rachel Jones,sstafford@example.net,Legal,Legal Counsel,London,True,normal,851,10,19,Christopher Moon,high,True,1381c44f,macOS Sonoma,1.2
EMP00780,Amanda Chavez,kingchristina@example.net,Finance,Financial Analyst,Amsterdam,True,normal,58,10,19,John Harrison,critical,False,ae85c55f,macOS Sonoma,1.3
EMP00781,Jeffrey Burns,uhamilton@example.net,Finance,Accountant,Tokyo,True,normal,1795,8,18,Mary Wyatt,critical,True,71bc41a2,macOS Sonoma,1.3
EMP00782,Sean Brown,parksstephen@example.com,HR,HR Coordinator,Amsterdam,False,normal,1717,8,17,Steven Walters,critical,True,09e15843,Windows 11,1.0
EMP00783,Patrick Carson,kimberlywiley@example.com,Sales,Sales Manager,Berlin,True,normal,1295,9,17,Jeremy Reilly,high,True,ee603a40,Ubuntu 22.04,0.8
EMP00784,Sarah Lawson,munozvictoria@example.net,Sales,Account Manager,New York,False,normal,302,8,19,Kristen Hall,medium,False,492341ca,Ubuntu 22.04,0.8
EMP00785,Vincent Watts,andrewgeorge@example.com,Engineering,DevOps Engineer,Amsterdam,False,normal,179,6,20,Donald Jackson,low,True,c92ecc62,Windows 11,1.5
EMP00786,Emily Edwards,yknight@example.org,IT,IT Administrator,Singapore,False,normal,40,8,20,Michael Rice,critical,True,a5a6d51f,macOS Sonoma,1.4
EMP00787,Candice Mullen,tinamurray@example.com,HR,HR Business Partner,London,False,normal,114,10,17,Crystal Lee,high,True,fddb0cea,macOS Sonoma,1.0
EMP00788,Emily Watkins,christopher40@example.net,Marketing,Content Strategist,Toronto,False,normal,213,8,20,Paula Martin,critical,True,0b07184c,Windows 11,0.7
EMP00789,Laura Salinas,aandrews@example.org,Marketing,Brand Manager,London,False,normal,1815,8,18,Jennifer Nichols,critical,True,0c617108,macOS Sonoma,0.7
EMP00790,Adam Bernard,rachael05@example.org,IT,Security Analyst,Berlin,False,malicious,922,7,18,Brian Roberts,critical,False,f7ad1e92,Windows 11,1.4
EMP00791,Fred Freeman,amartin@example.net,Engineering,Software Engineer,Toronto,False,normal,416,7,16,Crystal Reyes,medium,True,941e7da3,macOS Sonoma,1.5
EMP00792,Stacy Mendez,awood@example.net,HR,Recruiter,Toronto,True,normal,267,9,16,Andrew Porter,critical,True,51040c43,Ubuntu 22.04,1.0
EMP00793,Theresa Waller,mkline@example.org,Marketing,Brand Manager,Toronto,False,malicious,260,7,16,Tyler Williams,high,True,1f9230b3,macOS Sonoma,0.7
EMP00794,Patrick Williams,blackvictoria@example.org,Finance,CFO,London,True,normal,1183,10,17,Taylor Mitchell,low,True,67bc90a3,Ubuntu 22.04,1.3
EMP00795,Joshua Perez,juliathompson@example.net,Engineering,Data Scientist,San Francisco,True,normal,1603,9,16,Timothy Peters,high,True,a7a2b9c9,Ubuntu 22.04,1.5
EMP00796,Carly Norris,riggsdavid@example.org,Operations,Logistics Coordinator,San Francisco,False,normal,795,10,16,Sharon Flores,high,True,f0d36c91,Windows 11,0.9
EMP00797,Sandra Cross,xdavis@example.org,IT,Helpdesk Tech,Toronto,False,normal,1316,8,20,Carla Robinson,low,True,ddd9e862,Windows 11,1.4
EMP00798,Amy Cohen,rebeccashepherd@example.org,HR,Recruiter,Toronto,False,normal,1528,10,17,Richard Reid,medium,False,3addf7b8,Ubuntu 22.04,1.0
EMP00799,Laura Grant,brianbartlett@example.net,Finance,Financial Analyst,New York,True,normal,1150,10,19,Stephen Johnson,low,True,8aa4f9ed,Windows 11,1.3
EMP00800,Kimberly Garcia,rodney26@example.org,IT,IT Administrator,Austin,True,normal,72,7,17,Mitchell Gibbs,critical,False,56ae1470,macOS Sonoma,1.4
EMP00801,Paul Harmon,yyoung@example.com,Legal,Legal Counsel,London,False,normal,641,9,19,Katrina Davidson,high,False,50054e35,Ubuntu 22.04,1.2
EMP00802,Stephen Guerrero,shannon82@example.net,Engineering,DevOps Engineer,San Francisco,True,normal,1079,7,19,Jesse Robinson,critical,False,54c5ee94,macOS Sonoma,1.5
EMP00803,Maurice Harris,shawnkelly@example.org,HR,Recruiter,Amsterdam,True,normal,214,9,18,Jennifer Weeks,medium,True,e921e8fa,macOS Sonoma,1.0
EMP00804,Cameron Jones,nbailey@example.net,Finance,CFO,Sydney,True,normal,979,7,17,Jason Hubbard,critical,True,2c3a1550,Ubuntu 22.04,1.3
EMP00805,Cindy Barnes,james42@example.net,Marketing,Brand Manager,Berlin,False,normal,925,6,19,Lawrence Adams,high,True,a6427084,Windows 11,0.7
EMP00806,Daniel Oconnell,jesus92@example.org,Legal,Legal Counsel,Berlin,False,normal,1101,9,18,Cynthia Rose,low,True,19a7e57d,Windows 11,1.2
EMP00807,Jamie Vazquez,laurawilliams@example.net,IT,Helpdesk Tech,Sydney,False,normal,875,6,19,Kimberly Holder,high,True,a8169e13,Ubuntu 22.04,1.4
EMP00808,Danielle Gutierrez,christinawalker@example.com,IT,IT Administrator,Sydney,True,normal,263,9,17,Brandi Thompson,medium,False,432cf02c,Windows 11,1.4
EMP00809,Cheryl Hoffman,colleen69@example.com,Marketing,SEO Specialist,Berlin,True,malicious,1232,9,19,Tina Jones,high,True,3a9f5311,Windows 11,0.7
EMP00810,Daniel Hoover,alvarezscott@example.org,Engineering,Tech Lead,San Francisco,True,malicious,561,6,19,Kevin Jones DDS,low,True,9d3cadd2,Windows 11,1.5
EMP00811,Ashley Gordon,rick33@example.org,IT,Helpdesk Tech,Toronto,True,normal,1446,9,20,Jennifer Valdez,critical,True,df342c63,Ubuntu 22.04,1.4
EMP00812,Christopher Robinson,carlrodriguez@example.com,Operations,Logistics Coordinator,Austin,False,normal,209,7,17,Kyle Lopez PhD,low,True,fd1d7d7d,Windows 11,0.9
EMP00813,Louis Maxwell,robertwilkinson@example.com,Engineering,Software Engineer,Tokyo,False,normal,458,9,17,Rachel Buchanan,medium,True,4fcf7bc2,Ubuntu 22.04,1.5
EMP00814,Amanda Johns,anthony87@example.net,IT,Network Engineer,Sydney,False,normal,206,8,19,Matthew Thornton,medium,True,5920f35a,Windows 11,1.4
EMP00815,Dawn Kemp,gryan@example.net,Operations,Facilities Manager,London,True,normal,1468,9,19,Hannah Johnson,critical,True,81206309,macOS Sonoma,0.9
EMP00816,Patricia Richards,wdavid@example.org,Marketing,SEO Specialist,Tokyo,False,normal,1196,9,16,Brenda Hunt,high,True,0004e605,Ubuntu 22.04,0.7
EMP00817,Susan Dodson,esullivan@example.net,HR,Recruiter,Austin,False,normal,1767,9,20,Joshua Burns,high,True,70afe76c,macOS Sonoma,1.0
EMP00818,Jamie Meyers,asingh@example.com,Sales,Account Manager,Amsterdam,False,normal,504,6,20,Joanna Stevens,low,True,8ad04855,macOS Sonoma,0.8
EMP00819,Christina Gonzalez,dustinrowland@example.com,Engineering,QA Engineer,Berlin,False,normal,999,6,19,Cassidy Bowen,high,True,38f0ac3a,macOS Sonoma,1.5
EMP00820,Lisa Harris,dennisalvarado@example.net,Sales,Sales Manager,Berlin,True,normal,991,8,19,Adam White,medium,True,e42c0bf5,Ubuntu 22.04,0.8
EMP00821,Joseph Russell,carolyn12@example.com,Operations,Facilities Manager,Singapore,False,normal,1777,9,17,Robyn Brennan,high,False,2f25e5be,macOS Sonoma,0.9
EMP00822,Chelsea Wright,christopher80@example.com,Engineering,QA Engineer,Singapore,False,normal,1667,7,20,Frank English,medium,True,02cfe0b3,Ubuntu 22.04,1.5
EMP00823,Courtney Phillips,qbrown@example.com,Sales,Sales Manager,Toronto,True,normal,384,7,17,Antonio Hughes,critical,True,fd500a22,macOS Sonoma,0.8
EMP00824,Stephanie Young,kevinwiggins@example.org,Sales,SDR,Toronto,False,normal,510,7,20,Mary Martinez,low,False,b008233c,macOS Sonoma,0.8
EMP00825,Noah Henry,floresalexis@example.com,HR,HR Business Partner,Singapore,False,malicious,354,7,20,Thomas Mcclain,low,False,90148699,macOS Sonoma,1.0
EMP00826,Amy Davis,jeffreyjohnson@example.net,IT,Network Engineer,Amsterdam,False,normal,277,10,17,Jeremy Gilbert,critical,True,977bc6be,macOS Sonoma,1.4
EMP00827,Mary Torres,maxwelljason@example.com,Sales,SDR,New York,False,normal,339,10,20,Dustin Young Jr.,low,False,34b8844d,macOS Sonoma,0.8
EMP00828,Kyle Nelson,twalton@example.org,Sales,Account Executive,San Francisco,False,normal,1630,10,20,Alexandria Alexander,low,False,61962e7c,Windows 11,0.8
EMP00829,Brandon Woods,gwalker@example.net,Legal,Paralegal,London,False,normal,271,7,18,Kevin Rogers,medium,False,d7119afe,Ubuntu 22.04,1.2
EMP00830,Chad Brennan,jenningsmarissa@example.net,Marketing,Brand Manager,Sydney,False,malicious,1530,6,17,Patricia Wright,high,True,0233e285,Windows 11,0.7
EMP00831,Sean Ortiz,heathermoody@example.net,Engineering,QA Engineer,Tokyo,True,normal,881,6,17,Cindy Wolfe,critical,True,be3b1009,Ubuntu 22.04,1.5
EMP00832,Mr. Scott Mitchell,janderson@example.net,Marketing,SEO Specialist,Berlin,True,normal,1494,9,18,Diana Fletcher,medium,True,11a70846,Ubuntu 22.04,0.7
EMP00833,Alexis Hernandez,hjohnston@example.net,Engineering,Data Scientist,Tokyo,False,malicious,1672,9,19,Kevin Miller,critical,False,7da4b718,Ubuntu 22.04,1.5
EMP00834,Anthony Norman,cortezwilliam@example.com,Engineering,Software Engineer,Singapore,False,normal,936,7,16,Monique Adams,low,True,c17bec08,macOS Sonoma,1.5
EMP00835,Dr. Katelyn Watson PhD,audreymccoy@example.org,Marketing,Brand Manager,London,False,normal,155,9,16,Shannon Lewis,medium,False,aa963eb4,Windows 11,0.7
EMP00836,Mrs. Julie Lowery MD,valerie93@example.net,Marketing,SEO Specialist,Sydney,False,normal,888,9,20,Shawn Parsons,high,False,57ea2885,macOS Sonoma,0.7
EMP00837,Michael Myers MD,nguyenveronica@example.org,IT,Security Analyst,New York,False,normal,1110,10,17,Joseph Coleman,critical,True,c55310ce,Windows 11,1.4
EMP00838,Chelsea Roberts,wendysmith@example.net,Sales,Account Manager,Amsterdam,False,normal,1458,8,19,Kelly Hayes,medium,False,b8070925,Windows 11,0.8
EMP00839,Jimmy Lawson,andreamaldonado@example.org,HR,Recruiter,Singapore,True,normal,1515,7,20,Blake Nicholson,high,True,08fd4d16,Ubuntu 22.04,1.0
EMP00840,Mrs. Paige Reyes MD,tpage@example.net,Finance,CFO,Sydney,False,normal,1580,7,16,Alyssa Vazquez,low,False,f46121b4,Ubuntu 22.04,1.3
EMP00841,Raymond Knox,cbennett@example.net,Engineering,DevOps Engineer,Tokyo,False,normal,1517,9,20,Matthew Rogers,low,False,08b46e9a,macOS Sonoma,1.5
EMP00842,Veronica Diaz,ymcclain@example.org,Finance,CFO,Sydney,True,normal,283,6,16,Katie Rodriguez,critical,True,166e9121,Ubuntu 22.04,1.3
EMP00843,Justin Bell,christopher50@example.net,Engineering,Data Scientist,Singapore,True,normal,1679,10,20,Angela Ashley,medium,True,b424d0a9,macOS Sonoma,1.5
EMP00844,Steve Foster,rossdean@example.com,IT,Network Engineer,Amsterdam,False,normal,1492,9,20,Mark Hoffman,medium,True,1ca55235,Ubuntu 22.04,1.4
EMP00845,Kathryn Black,colleenmills@example.org,Engineering,QA Engineer,Singapore,False,normal,230,7,19,Sara Vang,critical,True,7d5e37b9,Windows 11,1.5
EMP00846,Megan Mercado,santiagojames@example.net,Marketing,Brand Manager,London,False,normal,469,9,16,Carl Peterson,high,False,aed8226c,macOS Sonoma,0.7
EMP00847,Sean Chase,joshua68@example.net,Engineering,QA Engineer,Sydney,False,normal,1815,8,20,Jared Evans,critical,False,488c3fc0,macOS Sonoma,1.5
EMP00848,Anthony Bullock,jonesrenee@example.com,IT,Helpdesk Tech,Toronto,False,normal,1717,7,17,Matthew Evans,medium,True,95477da5,macOS Sonoma,1.4
EMP00849,Courtney Gomez,brittany07@example.net,Marketing,Marketing Lead,Sydney,True,normal,1452,7,19,Mckenzie Hendricks,critical,True,b040e1cb,Windows 11,0.7
EMP00850,Gina Robinson,mario45@example.org,HR,HR Coordinator,Singapore,False,normal,1262,9,16,Carl Peterson,low,True,1f17f949,macOS Sonoma,1.0
EMP00851,Katie Mclaughlin,walterhenry@example.com,Engineering,Software Engineer,London,True,normal,790,8,18,Jimmy Greene,high,True,350809e5,Windows 11,1.5
EMP00852,Christopher Simon,hernandezwendy@example.com,Legal,Paralegal,London,False,malicious,893,6,18,Lisa Johnson,high,True,62a7365a,Ubuntu 22.04,1.2
EMP00853,Charles Lopez,zcolon@example.org,Engineering,Tech Lead,San Francisco,False,normal,744,6,16,Marcus Griffin,critical,True,8899adc9,macOS Sonoma,1.5
EMP00854,Olivia Martinez,mfisher@example.net,Operations,Logistics Coordinator,Singapore,False,normal,1003,10,17,Dr. Dawn Graham,medium,True,35fef805,macOS Sonoma,0.9
EMP00855,David Pacheco PhD,ucohen@example.com,Engineering,Data Scientist,Toronto,False,malicious,1804,8,16,Yolanda Gentry,critical,True,73917e96,macOS Sonoma,1.5
EMP00856,Charles Archer,erikaunderwood@example.net,Engineering,QA Engineer,New York,False,normal,1537,8,16,Warren Lopez,medium,False,c621d524,Ubuntu 22.04,1.5
EMP00857,Tammy Collins,steven42@example.org,Engineering,Tech Lead,Berlin,False,normal,1351,6,20,Lisa Rogers,low,True,1e22f13a,Ubuntu 22.04,1.5
EMP00858,Willie Smith,thomaseric@example.org,Marketing,Content Strategist,New York,False,normal,1567,9,20,Michael Alexander,low,True,1c300346,Ubuntu 22.04,0.7
EMP00859,Sherri Perez,gentryjimmy@example.org,HR,Recruiter,New York,True,normal,1641,7,17,Mr. Jacob Ramirez,critical,True,8218a4bf,Ubuntu 22.04,1.0
EMP00860,Kendra Wallace,malik65@example.com,Engineering,Tech Lead,Austin,False,normal,122,9,16,Dr. Tyler Sweeney,high,True,3193f39f,macOS Sonoma,1.5
EMP00861,Oscar Hunt,william30@example.com,Operations,Logistics Coordinator,Sydney,True,normal,812,8,16,Jeremiah Brown,low,False,a2508e6c,Ubuntu 22.04,0.9
EMP00862,Lisa Smith,dawsonelizabeth@example.net,Marketing,Content Strategist,London,True,normal,553,6,17,Kayla Flores,high,False,a029c8f8,Ubuntu 22.04,0.7
EMP00863,Patricia Grimes,jefferybrady@example.net,HR,Recruiter,Amsterdam,True,normal,401,6,16,Martin Watkins,high,True,5de84ada,macOS Sonoma,1.0
EMP00864,Rodney Moody,michael51@example.org,Marketing,SEO Specialist,Singapore,True,normal,799,6,16,Robert Brown,medium,True,4db02c30,Ubuntu 22.04,0.7
EMP00865,Gary Baker,sarah37@example.net,Marketing,Brand Manager,Toronto,False,normal,265,8,16,James Ellis,high,True,75ae33c7,macOS Sonoma,0.7
EMP00866,Joseph Jackson,tyler70@example.com,HR,Recruiter,New York,True,normal,1327,7,16,Donna Parrish,high,True,dc17b4d0,Ubuntu 22.04,1.0
EMP00867,Tiffany Pace,jeremyherrera@example.net,Engineering,Tech Lead,Tokyo,False,normal,1364,7,18,Craig Brown,critical,True,7e58b629,Ubuntu 22.04,1.5
EMP00868,Matthew Reyes,kyle08@example.net,Engineering,DevOps Engineer,London,False,normal,1136,7,17,Kimberly Warren,critical,False,ccd5ef63,Ubuntu 22.04,1.5
EMP00869,Nancy Spencer,tshepherd@example.com,Operations,Logistics Coordinator,New York,False,normal,1728,10,18,Erika Bernard DVM,medium,True,28b1d5e7,macOS Sonoma,0.9
EMP00870,Brandon Flores,davilabrian@example.org,IT,Helpdesk Tech,Berlin,True,normal,749,7,20,Mackenzie Ward,high,True,9d958aa3,Ubuntu 22.04,1.4
EMP00871,Michael Ramsey,joseph94@example.net,Sales,SDR,San Francisco,False,normal,213,9,16,Erik Ramsey,medium,False,e2a6d209,macOS Sonoma,0.8
EMP00872,Jeffrey Mahoney,colin47@example.net,Sales,SDR,Tokyo,False,normal,1426,8,18,Jonathan Garcia,critical,True,51e7d439,Ubuntu 22.04,0.8
EMP00873,Rhonda Allen,johnsonrichard@example.net,Finance,Accountant,Singapore,False,malicious,971,10,18,James Rosario,low,False,67539a31,Windows 11,1.3
EMP00874,Roy Forbes,kevinsmith@example.com,Marketing,Brand Manager,New York,False,normal,38,6,17,Gregory Clark,critical,True,81295584,Ubuntu 22.04,0.7
EMP00875,Tiffany Anderson,david58@example.org,Engineering,Tech Lead,Austin,False,normal,196,6,20,Jeremy Klein,low,False,40ddd29b,Ubuntu 22.04,1.5
EMP00876,Carl Wong,collinswilliam@example.org,Engineering,DevOps Engineer,San Francisco,False,normal,1694,9,20,Gloria Jimenez,high,True,445d02fd,Ubuntu 22.04,1.5
EMP00877,Amanda Chung,hodgesaustin@example.com,Legal,Compliance Officer,San Francisco,False,normal,788,7,19,Jessica Travis,low,True,37c102a3,Windows 11,1.2
EMP00878,Timothy Lee,farleysydney@example.net,Finance,Accountant,Singapore,False,normal,214,10,18,Miss Lori Harris,medium,True,d26bccff,macOS Sonoma,1.3
EMP00879,Wesley Reed,jacobsonjessica@example.com,Engineering,DevOps Engineer,New York,False,normal,1039,10,17,Brittany Marquez,low,True,50b88ecf,Ubuntu 22.04,1.5
EMP00880,Mary Allen,probles@example.net,Engineering,Tech Lead,Berlin,False,normal,1054,9,17,Christina Young,medium,False,dabf8abc,Ubuntu 22.04,1.5
EMP00881,Tony Boyd,chavezdylan@example.net,Engineering,Tech Lead,Amsterdam,False,normal,389,6,20,Derrick Martin,medium,False,8982a3c2,Windows 11,1.5
EMP00882,Wayne Knight,nicholasproctor@example.net,Finance,Accountant,Amsterdam,True,normal,1101,8,17,Harry Sanders,low,False,60d5ce26,Ubuntu 22.04,1.3
EMP00883,Donna Jennings,keith22@example.org,Engineering,DevOps Engineer,Amsterdam,False,normal,1424,10,19,Kenneth Hunt,low,False,f470e5c3,Ubuntu 22.04,1.5
EMP00884,Austin Nguyen,morrissarah@example.org,Engineering,DevOps Engineer,New York,False,normal,915,9,18,Casey Craig,low,False,7bfae730,macOS Sonoma,1.5
EMP00885,Matthew Dean,willisjennifer@example.org,Operations,Operations Manager,Sydney,False,normal,1507,7,16,Jacqueline Li,high,False,3896e614,Ubuntu 22.04,0.9
EMP00886,Kelly Orozco MD,josephspencer@example.org,Engineering,QA Engineer,New York,False,normal,428,8,16,Sandra Cervantes,low,False,1ac82f8c,Windows 11,1.5
EMP00887,Mrs. Tracy Phillips,jessicagreer@example.org,Finance,Financial Analyst,Austin,False,normal,541,7,17,Sabrina Mitchell,high,True,fbdcfe22,Ubuntu 22.04,1.3
EMP00888,William Gonzalez,andrewsamanda@example.net,Engineering,QA Engineer,New York,False,normal,914,6,20,Lisa Watkins,high,False,f4921804,Windows 11,1.5
EMP00889,Joseph Mills,matthew54@example.net,Engineering,DevOps Engineer,Tokyo,True,normal,1734,6,18,David Johnston,medium,False,2cb5dcc8,Ubuntu 22.04,1.5
EMP00890,Glen Arias,hollydudley@example.com,Engineering,QA Engineer,San Francisco,False,malicious,1215,6,16,Pamela Ewing,low,False,fd758dec,macOS Sonoma,1.5
EMP00891,Jamie Goodman,williamsjason@example.org,Legal,Legal Counsel,San Francisco,False,normal,156,9,16,Dawn Bennett,high,False,2f038732,macOS Sonoma,1.2
EMP00892,Richard Kelly,josephlowe@example.net,Operations,Facilities Manager,New York,True,normal,136,8,19,Russell Krueger,critical,True,c3d4ccd0,macOS Sonoma,0.9
EMP00893,Michael Walker,brittany48@example.org,Operations,Facilities Manager,Amsterdam,True,normal,1307,6,19,Danny Jones,critical,True,a7067d5e,macOS Sonoma,0.9
EMP00894,Sean Wagner,marybowers@example.org,Sales,Account Executive,Amsterdam,False,normal,725,6,19,Linda Stanley,high,True,6f2c0ce7,Windows 11,0.8
EMP00895,Christine Tanner,norrisjacob@example.org,Finance,Financial Analyst,Amsterdam,True,normal,1244,7,20,Karen Warren,medium,False,52cac3df,macOS Sonoma,1.3
EMP00896,Lisa Wells,petersdawn@example.org,Engineering,Tech Lead,Toronto,False,normal,940,7,17,Julia Cook,medium,False,c841f02d,Windows 11,1.5
EMP00897,Terry Cain,umaynard@example.org,Sales,Account Manager,Amsterdam,True,normal,1080,8,18,Dr. Michelle Brady MD,medium,True,a9e30699,macOS Sonoma,0.8
EMP00898,Brooke Baker,anthonyrobinson@example.net,Operations,Logistics Coordinator,Berlin,False,normal,46,10,20,Kaitlyn Ali,medium,True,990e440b,Ubuntu 22.04,0.9
EMP00899,Scott Smith,robinsonchristopher@example.com,Engineering,Software Engineer,Sydney,False,malicious,894,8,17,Heather Randall,medium,False,64eb985b,Windows 11,1.5
EMP00900,Christina Moore,christopher39@example.net,Engineering,Data Scientist,Singapore,False,normal,1397,9,19,Marc Smith,high,False,827ad0c4,Ubuntu 22.04,1.5
EMP00901,Mary Taylor MD,dawn17@example.net,Engineering,DevOps Engineer,Amsterdam,False,normal,887,8,17,Christopher Hanna,low,True,1130d5e2,Windows 11,1.5
EMP00902,Jeffrey Bradley,dana35@example.net,Engineering,Data Scientist,New York,False,normal,1449,7,19,Jay Williams,medium,True,bc25b414,Ubuntu 22.04,1.5
EMP00903,Carla Mcdonald,rosetrujillo@example.com,Engineering,QA Engineer,Singapore,False,normal,450,9,17,Darrell Gardner,low,True,cf36912e,Windows 11,1.5
EMP00904,Amy Baker,ireyes@example.com,HR,HR Coordinator,Sydney,False,normal,321,8,19,Scott Knight,medium,False,743d551c,macOS Sonoma,1.0
EMP00905,Anna Sanchez,smithzachary@example.com,Marketing,Content Strategist,New York,True,normal,435,8,17,Bonnie Hunt,medium,False,334cd82e,Ubuntu 22.04,0.7
EMP00906,Brian Silva,ericksonmichael@example.org,Operations,Operations Manager,Sydney,True,normal,395,7,16,Aaron Mccormick,medium,False,c1facf39,Windows 11,0.9
EMP00907,Tanya Skinner,carterashley@example.org,Operations,Logistics Coordinator,London,True,normal,1371,6,18,Amanda Harvey,medium,True,106f9399,Windows 11,0.9
EMP00908,Laura Blackburn,matthewmoore@example.net,Sales,Sales Manager,Singapore,False,normal,1109,10,19,Ashley Jordan,low,True,1e8d0cac,Windows 11,0.8
EMP00909,Ashley Scott,timothy92@example.com,Sales,Account Manager,Tokyo,False,normal,1452,8,18,Kathryn Scott,critical,False,f41e4420,Windows 11,0.8
EMP00910,Marissa Smith,andreshodges@example.net,Sales,Sales Manager,Amsterdam,False,malicious,1779,10,18,Martin Travis,medium,True,f77d85ec,Windows 11,0.8
EMP00911,Kelly Freeman,vlawrence@example.com,HR,HR Coordinator,Berlin,False,normal,1773,10,20,David Mills,critical,True,e60e9f43,Windows 11,1.0
EMP00912,James Fuller,hannahsmith@example.com,Sales,Account Executive,Amsterdam,False,normal,372,10,19,Mr. Joshua Hicks,high,True,2f1b00e2,macOS Sonoma,0.8
EMP00913,Rick Henry,wilsonjeanette@example.net,Finance,Payroll Specialist,Singapore,True,normal,1495,9,19,Amy Romero,high,True,1b2cf294,Ubuntu 22.04,1.3
EMP00914,Holly Bennett,jenningskathleen@example.com,Marketing,Marketing Lead,Amsterdam,False,malicious,454,7,17,Douglas Lam,critical,False,d1538ad1,macOS Sonoma,0.7
EMP00915,Heather Wilson,lauraperez@example.com,HR,Recruiter,Austin,True,normal,1200,7,18,Emma Odom,high,True,09017704,Windows 11,1.0
EMP00916,Pamela Collins,portervincent@example.org,Marketing,Brand Manager,Berlin,False,normal,1092,8,17,David Singleton,low,True,75048249,Ubuntu 22.04,0.7
EMP00917,Mr. Rodney Boyd,rachel64@example.net,Sales,Account Manager,Toronto,False,normal,915,9,18,Marcus Ballard,critical,True,4337500a,macOS Sonoma,0.8
EMP00918,Christopher House,tfreeman@example.net,IT,Network Engineer,Toronto,True,normal,573,6,18,Donna Ramsey,low,True,67acf282,Ubuntu 22.04,1.4
EMP00919,Taylor Smith,cthomas@example.net,Legal,Compliance Officer,San Francisco,False,normal,496,6,16,Christopher Smith,low,True,82dd01cb,Ubuntu 22.04,1.2
EMP00920,Donna Daniel,saracarter@example.org,Engineering,DevOps Engineer,Tokyo,True,normal,542,8,18,Bryce Walker,medium,False,b4345f73,Windows 11,1.5
EMP00921,Carl Weaver,elizabeth41@example.org,Operations,Logistics Coordinator,Sydney,False,normal,47,8,18,Charles Williams,high,False,1410739c,macOS Sonoma,0.9
EMP00922,Tina Potter,charles03@example.org,Marketing,Marketing Lead,Amsterdam,False,normal,996,10,17,Debra Cline DVM,critical,True,68fb9ebc,Ubuntu 22.04,0.7
EMP00923,Charles Lewis,lawrencemedina@example.com,Operations,Operations Manager,Toronto,False,normal,1086,10,20,Melissa Henderson,critical,False,33bf6e68,macOS Sonoma,0.9
EMP00924,Shannon Stewart,elizabeth18@example.com,Operations,Logistics Coordinator,San Francisco,False,normal,1762,7,19,Heather Friedman,critical,True,d154dc51,macOS Sonoma,0.9
EMP00925,William Steele,stephaniewhite@example.net,Marketing,SEO Specialist,New York,False,normal,314,10,17,Kyle Paul,high,False,59a75d55,Windows 11,0.7
EMP00926,John Harper,vwoods@example.org,Engineering,DevOps Engineer,Singapore,False,normal,491,9,19,Whitney Pearson,critical,False,18ec95a7,Ubuntu 22.04,1.5
EMP00927,Vincent Harris,jrussell@example.net,Sales,Account Executive,Singapore,False,normal,1192,6,17,Scott Mosley,medium,False,558356c7,macOS Sonoma,0.8
EMP00928,Randy King,ymercer@example.net,HR,HR Business Partner,Amsterdam,False,normal,1205,9,19,Kelly Salazar,medium,False,001bbc25,Windows 11,1.0
EMP00929,Joshua Park,lisayoung@example.net,Finance,Payroll Specialist,Tokyo,False,normal,252,8,20,Loretta Fisher,critical,False,0c6b1f61,macOS Sonoma,1.3
EMP00930,Elizabeth Moss,bturner@example.org,Sales,Sales Manager,San Francisco,True,normal,95,10,19,Brian Roberts,low,True,45ba8316,Windows 11,0.8
EMP00931,Mrs. Abigail Rogers,rebecca81@example.net,Engineering,DevOps Engineer,Austin,False,normal,451,7,18,Gina Porter,low,True,cc28fa2b,macOS Sonoma,1.5
EMP00932,Steven Watson,sarareyes@example.com,Operations,Logistics Coordinator,London,False,normal,1790,9,19,Diane Johnson,medium,False,55ac9c82,Windows 11,0.9
EMP00933,Anthony Simpson,john87@example.net,IT,IT Administrator,Toronto,False,normal,826,7,17,Evan Woodward,medium,True,27a91e1f,Ubuntu 22.04,1.4
EMP00934,Melanie Martinez,mvelazquez@example.org,HR,HR Business Partner,London,False,normal,1207,8,20,Nicole Holden,medium,True,383e51ff,Ubuntu 22.04,1.0
EMP00935,Michael Cole,jennasmith@example.net,Engineering,Software Engineer,Tokyo,False,normal,322,9,16,Stephanie Martinez,critical,False,9a072ef4,Windows 11,1.5
EMP00936,Zachary Mcclure,austinpamela@example.com,Sales,Account Manager,Amsterdam,False,normal,972,9,20,Travis Johnson,low,False,a7dff6b1,macOS Sonoma,0.8
EMP00937,William Matthews,michaelrivera@example.net,Engineering,DevOps Engineer,Toronto,False,normal,1464,8,19,Donna Walters,medium,True,43cc5cc7,Windows 11,1.5
EMP00938,Michael Brown,natalie38@example.org,IT,Helpdesk Tech,Austin,False,normal,817,7,20,Karina Davis,low,True,14423b9c,Windows 11,1.4
EMP00939,Linda Lewis,landerson@example.net,Engineering,DevOps Engineer,London,True,normal,1316,10,18,Christopher Barber,low,False,e98727ed,Ubuntu 22.04,1.5
EMP00940,Michael Murphy,ebrown@example.net,HR,Recruiter,Toronto,False,normal,1590,10,16,Jamie Orozco,high,True,af8e30c3,Windows 11,1.0
EMP00941,Amanda Wallace,ashley97@example.com,Sales,Account Manager,Singapore,False,normal,953,7,18,Tracey Perry,medium,True,fce7e985,macOS Sonoma,0.8
EMP00942,Samuel Sweeney,justin84@example.net,HR,Recruiter,Toronto,True,normal,733,9,17,Amy Vasquez,critical,True,297fb9af,macOS Sonoma,1.0
EMP00943,Mark Hawkins,cheryl28@example.org,Finance,CFO,London,True,normal,1402,9,19,Stacey Russell,critical,True,5984054b,Ubuntu 22.04,1.3
EMP00944,Terry Howard,turnereric@example.net,Operations,Operations Manager,Toronto,False,normal,994,8,17,Raven Melendez,medium,False,a4a06f15,Ubuntu 22.04,0.9
EMP00945,Carrie Young,ianrosales@example.org,Engineering,Software Engineer,Berlin,True,normal,1124,9,17,Jessica Williams,low,False,8838d330,Windows 11,1.5
EMP00946,Heather Hall,vrubio@example.com,Engineering,QA Engineer,London,False,normal,763,7,17,Michael Arnold,low,False,aaf28eeb,Ubuntu 22.04,1.5
EMP00947,Scott Lynn,moyerdenise@example.com,Engineering,Tech Lead,New York,True,normal,1342,6,19,Sherri Sloan,high,True,fad6bc04,Ubuntu 22.04,1.5
EMP00948,Sherri Townsend,martinezbeth@example.com,IT,Network Engineer,Austin,True,normal,541,8,17,Sandra Jones,medium,True,78e6cee7,macOS Sonoma,1.4
EMP00949,Micheal Mckenzie,schmittcharles@example.org,Operations,Logistics Coordinator,New York,True,normal,1710,7,16,William Williams,medium,False,ae250e7a,Windows 11,0.9
EMP00950,Janice Floyd,stephenallen@example.net,HR,HR Business Partner,London,False,malicious,372,6,19,Kim Obrien,low,False,a82595ba,macOS Sonoma,1.0
EMP00951,Patrick Francis,falexander@example.net,Finance,Accountant,Tokyo,False,normal,1139,9,19,Kyle Lamb,low,True,cc6105e0,Windows 11,1.3
EMP00952,Jared Thomas,ryanwarren@example.com,Finance,Financial Analyst,London,False,normal,853,8,16,Sean Mason,critical,True,bd7a0b75,Windows 11,1.3
EMP00953,Brian Williams,robertpham@example.org,Engineering,Tech Lead,Berlin,True,normal,785,6,16,Zachary Petersen,medium,True,451120aa,Ubuntu 22.04,1.5
EMP00954,Carly Hill,idunn@example.com,IT,Network Engineer,San Francisco,False,normal,545,6,20,Stephen Miller,high,False,5c9f3d0e,Ubuntu 22.04,1.4
EMP00955,Jasmine Garcia,kyle39@example.net,Marketing,SEO Specialist,London,False,malicious,389,8,19,Norman Decker,low,True,d6f06bde,Ubuntu 22.04,0.7
EMP00956,Joseph Brown,crystalkhan@example.net,Sales,Account Manager,Toronto,False,normal,1076,7,20,William Rodriguez,low,True,7a064a96,Ubuntu 22.04,0.8
EMP00957,Thomas Mcdaniel,trobbins@example.org,Marketing,SEO Specialist,San Francisco,False,malicious,514,9,17,Andrea Perry,low,True,ba6a8a80,macOS Sonoma,0.7
EMP00958,Jared White,russell71@example.com,Engineering,Data Scientist,Tokyo,False,normal,799,7,16,James Watts,medium,False,2c0e7588,Ubuntu 22.04,1.5
EMP00959,Jeffrey Smith,wnunez@example.com,Engineering,DevOps Engineer,Toronto,False,normal,304,8,18,Omar Chandler,low,True,7fce0e7d,macOS Sonoma,1.5
EMP00960,John Diaz,sabrina79@example.org,Legal,Legal Counsel,Berlin,False,normal,499,8,18,Samantha Garcia,medium,True,5f4fc739,Windows 11,1.2
EMP00961,James Ward,williamskimberly@example.org,Engineering,Data Scientist,Tokyo,False,normal,1275,9,20,Austin Carlson,high,True,94bae2b3,Ubuntu 22.04,1.5
EMP00962,Kristine Brown,hamiltonvictoria@example.com,Finance,Financial Analyst,Toronto,True,normal,424,6,17,Christine Ewing,medium,True,9f62c672,Windows 11,1.3
EMP00963,Steven Middleton,todd31@example.com,Engineering,Data Scientist,Tokyo,False,normal,1069,6,19,Brooke Brown,critical,True,7c107f0b,Ubuntu 22.04,1.5
EMP00964,Rebecca Byrd,christopher51@example.com,Sales,Sales Manager,Austin,True,normal,1270,7,18,Rhonda Lopez,high,True,1018c9e1,Ubuntu 22.04,0.8
EMP00965,Jon Blackburn,arianalove@example.com,Sales,Account Executive,Toronto,True,normal,766,9,19,Donald Andersen,medium,True,3135b194,macOS Sonoma,0.8
EMP00966,Matthew Mitchell,andersonelizabeth@example.org,Sales,Sales Manager,Austin,False,normal,1708,9,16,Carrie Wilson,critical,True,4c19a548,Windows 11,0.8
EMP00967,Kimberly Lopez,laurie45@example.org,Legal,Paralegal,Berlin,False,normal,1130,7,20,Lisa Shelton,medium,True,25848c38,macOS Sonoma,1.2
EMP00968,Ashley Knight,rhonda86@example.com,Sales,Account Manager,Berlin,False,normal,1181,10,19,Jonathan King,low,True,a30fbccc,Ubuntu 22.04,0.8
EMP00969,Eric Smith,shellysmith@example.net,HR,HR Coordinator,London,False,normal,38,6,20,Steven Simon,high,True,50a199ad,macOS Sonoma,1.0
EMP00970,Kristen Swanson,andrew51@example.net,Marketing,Brand Manager,Singapore,False,malicious,1032,8,20,Matthew Thompson,low,True,0f833f9a,Windows 11,0.7
EMP00971,Shelia Jones,acruz@example.org,Finance,Payroll Specialist,San Francisco,False,normal,1188,7,17,Amy Bond,critical,False,c5feecdc,Ubuntu 22.04,1.3
EMP00972,Jennifer Zavala,arthur89@example.com,IT,Security Analyst,Toronto,False,normal,1456,6,19,Felicia Aguilar,critical,False,54fdb2f5,Windows 11,1.4
EMP00973,Denise Chan,geraldsutton@example.com,Legal,Paralegal,Singapore,False,normal,1477,6,17,Andrew Christensen,high,False,203633db,Ubuntu 22.04,1.2
EMP00974,Tammie Clements,brittany59@example.net,Engineering,Tech Lead,Tokyo,True,normal,1214,7,16,Jeremy Goodman,low,False,03161df8,Ubuntu 22.04,1.5
EMP00975,Jennifer Shepard,baileyangela@example.com,Engineering,QA Engineer,Austin,False,normal,1476,10,16,Marcus Smith,medium,False,4da8b13b,Windows 11,1.5
EMP00976,Travis Guerrero,vmartin@example.net,Sales,SDR,Berlin,False,normal,1055,10,19,Jordan Young,high,False,d9262355,Ubuntu 22.04,0.8
EMP00977,Daniel Lin,harrisontracy@example.com,HR,HR Business Partner,San Francisco,False,normal,1202,8,17,Lisa Ellis,high,False,8101aea9,Ubuntu 22.04,1.0
EMP00978,Danielle Ortiz,iperry@example.com,Engineering,Software Engineer,Berlin,False,normal,374,9,16,Kelly Taylor,low,True,a4f36589,Ubuntu 22.04,1.5
EMP00979,Lauren Montgomery,rhernandez@example.org,Marketing,SEO Specialist,Austin,False,normal,1531,9,17,Sabrina Chang,medium,True,8efe4e3c,Ubuntu 22.04,0.7
EMP00980,Gabrielle Alvarez,sherylnelson@example.net,HR,HR Coordinator,Toronto,True,normal,1059,6,19,April Johnston,medium,True,57ee6456,Windows 11,1.0
EMP00981,Melissa Austin,daniel96@example.com,Sales,SDR,Tokyo,False,normal,1815,9,19,Laura Small MD,low,False,ef3ed534,Windows 11,0.8
EMP00982,Spencer Reynolds,valeriehall@example.org,Operations,Logistics Coordinator,San Francisco,True,normal,285,8,16,Helen Carter,high,True,91c3286d,Windows 11,0.9
EMP00983,Tracy Cohen,acarr@example.net,Engineering,Software Engineer,San Francisco,False,normal,155,8,16,Jeffrey Prince,low,True,8199271c,Ubuntu 22.04,1.5
EMP00984,Alicia Oliver,jonesgregory@example.net,Engineering,Tech Lead,Austin,False,normal,1095,8,19,Rebecca Stevens,critical,False,f7cabcb4,Ubuntu 22.04,1.5
EMP00985,Mrs. Valerie Marshall,annahooper@example.com,Legal,Paralegal,Singapore,False,normal,732,8,17,Ian Cruz,high,False,cd965331,macOS Sonoma,1.2
EMP00986,Christopher Grimes,robertmoore@example.com,Marketing,SEO Specialist,Singapore,False,normal,1681,6,16,Jesse Hill,critical,False,c0f4e017,macOS Sonoma,0.7
EMP00987,Susan Johnson,chelsea30@example.com,Finance,Financial Analyst,London,False,normal,1262,6,20,Robert May,high,False,d2d6a494,Windows 11,1.3
EMP00988,Amanda Henderson,nicholsjennifer@example.org,Marketing,Brand Manager,Amsterdam,False,normal,1084,9,17,Vincent Santiago,low,False,20176247,macOS Sonoma,0.7
EMP00989,Michael Walker,ethan42@example.com,Engineering,Software Engineer,Singapore,True,normal,1683,8,19,Adam Miller,medium,False,b979f607,macOS Sonoma,1.5
EMP00990,Manuel Jones,murphycourtney@example.com,Operations,Logistics Coordinator,San Francisco,False,normal,906,9,16,Alyssa Townsend,critical,True,ed09d00d,Windows 11,0.9
EMP00991,Herbert Le,lonniejackson@example.org,Operations,Facilities Manager,Sydney,False,normal,1637,10,16,John Perkins,medium,True,f8a708ad,Windows 11,0.9
EMP00992,Margaret Jefferson,shawjorge@example.net,Finance,Payroll Specialist,Sydney,False,normal,374,9,16,Natasha Williams,critical,False,07596352,Windows 11,1.3
EMP00993,Kristina Rose DDS,sherrievans@example.com,Sales,Account Executive,London,True,normal,246,9,16,Matthew Brown,medium,False,d9ec50b9,macOS Sonoma,0.8
EMP00994,Karen Jimenez,anthonywalker@example.org,HR,HR Coordinator,Berlin,False,normal,1502,8,19,Dominique Frost,low,False,67a9a313,Ubuntu 22.04,1.0
EMP00995,William Hernandez,jessica61@example.com,Sales,Account Executive,Toronto,False,normal,1659,8,17,Louis Mcclain,low,False,9e0571b3,macOS Sonoma,0.8
EMP00996,Amanda Coleman,smccoy@example.org,Engineering,Tech Lead,Austin,False,normal,1783,9,17,Michelle Walker,medium,True,16b16008,macOS Sonoma,1.5
EMP00997,Brittany Chavez,cgomez@example.com,IT,Security Analyst,San Francisco,True,normal,1546,10,17,William Daniels,low,True,b2038f5c,Windows 11,1.4
EMP00998,Dr. Bryce Moon,hwood@example.com,Engineering,Tech Lead,Austin,False,normal,1539,6,18,Christopher Dalton,low,True,82a471a2,Windows 11,1.5
EMP00999,Nicholas Allen,hlyons@example.org,IT,Security Analyst,Austin,False,normal,1609,8,17,Kristine Carpenter,medium,True,4c2d2057,Windows 11,1.4
EMP01000,Mark Love,ballardtodd@example.com,Marketing,SEO Specialist,Toronto,False,normal,326,8,17,Jennifer Frey,critical,False,2198c907,Windows 11,0.7
